CL_ID,Sequencing_run_ID,Date submitted,Facility,Sequencer and Method,SL_ID,Number of samples,Area ID,Project Status Update,Notes
CL_41,,,,,"CGP-675,CGP-676,CGP-677,CGP-678,CGP-664,CGP-665,CGP-666,CGP-667,CGP-668,CGP-669,CGP-683,CGP-684,CGP-685,CGP-686,CGP-672,CGP-673,CGP-674",17,"2058 Normal, 2059 Nevus, 2060 Mel1, 2061 Mel2, 2062 Normal, 2063 Nevus, 2064 Mel, 2065 Normal, 2066 Nevus, 2067 Mel, 2068 Normal, 2069 Nevus, 2070 AMB, 2071 Mel, 2081 Normal, 2082 Nevus, 2083 Mel",,
CL_37,,,,,"CGP-606,CGP-607,CGP-608,CGP-609,CGP-610,CGP-611,CGP-612,CGP-613,CGP-614,CGP-615,CGP-616,CGP-617,CGP-618,CGP-619,CGP-620",15,"2072 Normal, 2073 Nevus, 2074 Mel, 2075 Normal, 2076 Nevus, 2077 Mel, 2078 Normal, 2079 Nevus, 2080 Mel, 2084 Normal, 2085 Nevus, 2086 Mel, 2087 Normal, 2088 Nevus, 2089 Mel",,
CL_36,,,,,"CGP-600,CGP-601,CGP-602,CGP-603,CGP-604,CGP-605",6,"2265 Normal, 2266 Nevus, 2267 Mel, 2099 Normal, 2100 Nevus, 2101 Mel",,
CL_51,,,,,"CGP-679,CGP-680,CGP-681,CGP-682",4,"2105 Normal, 2106 Nevus, 2107 Mel1, 2108 Mel2",,
CL_59,,,,,"CGP-583,CGP-584,CGP-998,CGP-999",4,"2091 Nevus, 2092 Mel, 2091 Nevus, 2092 Mel",,
CL_66,,,,,"CGP-585,CGP-586,CGP-587",3,"2093 Normal, 2094 Nevus, 2095 Mel",,
CL_87,,,,,"CGP-1481,CGP-1482,CGP-1483",3,"2153 Normal, 2286 Nevus, 2285 Mel",,
CL_91,,,,,"CGP-1550,CGP-1551,CGP-1552",3,"2170 Normal, 2272 Nevus, 2271 Mel",,
CL_92,,,,,"CGP-1549,CGP-1544,CGP-1545,CGP-1546,CGP-1547,CGP-1548,CGP-1561,CGP-1553,CGP-1554,CGP-1555,CGP-1556,CGP-1557,CGP-1558,CGP-1559,CGP-1560",15,"2275 Mel, 2158 Normal, 2274 Nevus, 2273 Mel, 2159 Normal, 2276 Nevus, 2281 Mel, 2160 Normal, 2278 Nevus, 2277 Mel, 2166 Normal, 2280 Nevus, 2279 Mel, 2161 Normal, 2282 Nevus",,
CL_95,,,,,"CGP-1575,CGP-1576,CGP-1577",3,"2162 Normal, 2284 Nevus, 2283 Mel",,
BB73_CL,,7/4/2024,,,"XD-1-Tumor,XD-1-1-Tumor,PMM-8-Tumor,Long-TN10-Normal,Long-TN10-Tumor,Long-TN11-Normal,Long-TN11-Tumor,JBP-3-Norm,JBP-3-MM,JBP-3-Met1,JBP-3-Met2,JBP-4-Norm,JBP-4-MM,JBP-4-Met1,JBP-4-Met2,JBP-5-Norm,JBP-5-MM,JBP-5-Met,JBP-7-Norm,JBP-7-MM,JBP-7-Met,JBP-9-Norm",22,"3301 Tumor, 3302 Tumor, 3303 Unknown, 2813 Normal, 2814 Tumor, 2815 Normal, 2816 Tumor, 3304 Normal, 3305 Tumor, 3306 Tumor, 12-15765B3, 2835 Normal, 2819 Met2, 2817 Met1, 2818 Met2, 2831 Normal, 2832 MM, 2833 MM, 2834 Met, 2820 Normal, 2821 MM, 3300 Tumor, 2822 Normal",,
BB6_CL,,,,,"N3_1,N3_2,N3_3,N3_4,N3_5,N3_6,N3_7,N3_8,N3_9,N3_10,N3_11,N3_12,N3_13,N3_14,N3_15,N3_16",16,"3383 Tumor, 3384 Tumor, 3385 Tumor, 3386 Tumor, 3387 Tumor, 3388 Normal, 3389 Tumor, 3390 Normal, 3391 Tumor, 3392 Normal, 3393 Tumor, 3394 Tumor, 3395 Tumor, 3396 Tumor, 3397 Tumor, 3398 Tumor",,
BB4_CL,,,,,"WP_11,WP_23,WP_29,PG_8,Kit_37_Acral_NRAS,Kit_62__Acral_NRAS,Kit_118_Muc_NRAS,Kit_181_Muc_BRAF,Kit_227_Acral_WT_ACACGA,Kit_275_Muc_BRAF,Bivona_L_1,Bivona_L2,Bivona_L3,Bivona_L4,Bivona_L5,Bivona_L6",16,"3435 Tumor, 3436 Tumor, 3437 Tumor, 3425 Unknown, 3311 Tumor, 3313 Tumor, 3315 Tumor, 3318 Tumor, 2803 Mel, 3331 Tumor, 3813 Lung Cells, 3814 Lung Cells, 3815 Lung Cells, 3816 Lung Cells, 3817 Lung Cells, 3817 Lung Cells",,
BB7_CL,,,,,"MB_161_Tumor,MB_161_Normal,MB_327_Tumor,MB_1454_Normal,MB_760_Tumor,MB_1418_Normal,MB_1029_Tumor,MB_1028_Normal,MB_1046_Tumor,MB_1036_Normal,Bivona__L_17,Bivona_L_18,Bivona_L_19,Kit_227_Acral_WT_CACCTC,Kit_53_Acral_NRAS,Kit_313_Mucosal",16,"3357 Tumor, 3356 Normal, 3358 Tumor, 3365 Normal, 3359 Tumor, 3364 Normal, 3361 Tumor, 3360 Normal, 3363 Tumor, 3362 Normal, 3823 Lung Cell Line, 3824 Tumor, 3825 Tumor, 2803 Mel, 2804 Tumor, 3335 Tumor",,
BB8_CL,,,,,"BB008_HW2NC,BB008_HW2TC,BB008_HW8NC,BB008_HW8TC,BB008_HW9-NB,BB008_HW9TC,BB008_CGH12-047,BB008_CGH10-013,BB008_CGH11-153,BB008_CGH11-036,BB008_CGH11-386,BB008_Kit 227 Acral WT,BB008_WM3211,BB008_NB2107,BB008_LAL-L1,BB008_LAL-L2",16,"2943 Normal, 2944 Tumor, 2945 Normal, 2946 Tumor, 2947 Normal, 2948 Tumor, 2942 Tumor, 2938 Tumor, 2940 Tumor, 2939 Tumor, 2941 Tumor, 2949 Tumor, 2953 Cell Line, 2952 Cell Line, 2950 Cell Line, 2951 Cell Line",,
BB9_CL,,,,,"BB09_Bivona_L11,BB09_Bivona_L7,BB09_Bivona_L8,BB09_Bivona_L9,BB09_Bivona_L10,BB09_HW3_T,BB09_HW3_N,BB09_HW4_T,BB09_HW4_N,BB09_HW6_TD,BB09_HW6_ND,BB09_CGH11_029,BB09_CGH11_045,BB09_CGH11_092,BB09_CGH11_125,BB09_CGH11_194",16,"3812 Lung Cell Line, 3819 Lung Cell Line, 3820 Lung Cell Line, 3821 Lung Cell Line, 3811 Lung Cell Line, 2965 Tumor, 2964 Normal, 2967 Tumor, 2966 Normal, 2969 Tumor, 2968 Normal, 2959 Tumor, 2960 Tumor, 2961 Tumor, 2962 Tumor, 2963 Tumor",,
BB10_CL,,,,,"CGH10_17,HW_A1_Tumor,HW_A1_Cntl,HW_A2_Tumor,HW_A2_Cntl,HW_A3_Tumor,HW_A3_Cntl,HW_A4_Tumor,HW_A4_Cntl,CGH11_035,CGH11_343,DP12_200,ALK_Cntl,CGH10_16,CGH11_60,CGH11_252",16,"2995 Tumor, 3250 Tumor, 3249 Normal, 3252 Tumor, 3251 Normal, 3254 Tumor, 3253 Normal, 3256 Tumor, 3255 Normal, 3004 Tumor, 3016 Tumor, 3214 Tumor, 2936 Normal, 2994 Tumor, 3005 Tumor, 3009 Tumor",,
BB11_CL,,,,,"D12_67298_Tumor,D12_67298_Norm,S12_20321_A2_Tumor,L11_96096_A2_Norm,MB1242_Tumor,MB1241_Norm,MB1423_Tumor,MB1423_Norm,MB1424 _Tumor,MB1421_Norm,MB1429_Tumor,MB1428_Norm,CGH12_317,CGH12_343,CGH12_135,CGH12_161",16,"3096 Tumor, 3095 Normal, 3427 Tumor, 3355 Normal, 3368 Tumor, 3367 Normal, 3371 Tumor, 3370 Normal, 3372 Tumor, 3369 Normal, 3374 Tumor, 3373 Normal, 3052 Tumor, 3053 Tumor, 3049 Tumor, 3050 Tumor",,
BB12_CL,,,,,"HW_A5_Tumor,WM3918,HW_A5_Cntl,HW_A6_Tumor,HW_A6_Cntl,HW_A7_Tumor,HW_A7 Cntl,HW_A8_Tumor,HW_A8_Cntl,HW_A9_Tumor,HW_A9_Cntl,HW_A10_Tumor,HW_A10_Cntl,MB1617_Tumor,MB_1609_Normal,WM51",16,"3258 Tumor, 2841 Acral Melanoma Cells, 3257 Normal, 3260 Tumor, 3259 Normal, 3262 Tumor, 3261 Normal, 3264 Tumor, 3263 Normal, 3266 Tumor, 3265 Normal, 3268 Tumor, 3267 Normal, 3375 Tumor, 3366 Normal, 2837 Acral Melanoma Cells",,
BB13_CL,,,,,"DM1_Normal,DM1_Tumor,DM2_Normal,DM2_Tumor,DM5_Normal,DM5 _Tumor,DM7_Normal,DM7_Tumor,DM12_Normal,DM12_Tumor,DM13_Normal,DM13_Tumor,DM21_Normal,DM21_Tumor,DM93_Normal,DM93_CGN,DM8TumorCrest",17,"3174 Normal, 3175 Tumor, 3176 Normal, 3177 Tumor, 3179 Normal, 3178 Tumor, 3180 Normal, 3181 Tumor, 3184 Normal, 3185 Tumor, 3186 Normal, 3187 Tumor, 3192 Normal, 3193 Tumor, 3213 Normal, 3212 Tumor, 3901 Tumor",,
BB14_CL,,,,,"WM3912,CGH11_078,CGH11_080,CGH11_281,CGH10_058,CGH11_283,CGH10_020,CGH10_049,CGH11_020,D12_54296_Norm,D12_54296_Tumor,D12_54992_Norm,D12_54992_Tumor,WM3622,WM1963,WM8",16,"2840 Acral Melanoma Cells, 3006 Tumor, 3007 Tumor, 3010 Tumor, 2998 Tumor, 3011 Tumor, 2996 Tumor, 2997 Tumor, 3003 Tumor, 3091 Normal, 3092 Tumor, 3093 Normal, 3094 Tumor, 2839 Acral Melanoma Cells, 2838 Acral Melanoma Cells, 2836 Acral Melanoma Cells",,
BB16_CL,,,,,"CGH_11_361,DM_96_Normal,CGH_11_366,CGH_11_376,CGH_11_388,CGH_11_422,CGH_12_016,DM_4_Tumor,DM_4_Normal,DM_95_2_Tumor,DM_95_Normal,DM_96_2_Tumor,Kit_76,Kit_8,Kit_21,Kit_55",16,"2988 Tumor, 3154 Normal, 2989 Tumor, 2990 Tumor, 2991 Tumor, 2992 Tumor, 2993 Tumor, 3102 Tumor, 3101 Normal, 3151 Tumor, 3152 Normal, 3153 Tumor, 3314 Tumor, 3309 Tumor, 3310 Tumor, 3312 Tumor",,
BB15_CL,,,,,"DM11_Tumor,DM11_Normal,DM14_Tumor,DM14_Normal,DM26_Tumor,DM26_Normal,DM28_Tumor,DM28_Normal,DM29_2_Tumor,DM29_Normal,DM34_Tumor,DM34_Normal,DM55_Tumor,DM55 Normal,DM79_2_Tumor,DM79_Normal",16,"3183 Tumor, 3182 Normal, 3189 Tumor, 3188 Normal, 3195 Tumor, 3194 Normal, 3197 Tumor, 3196 Normal, 3198 Tumor, 3199 Normal, 3201 Tumor, 3200 Normal, 3206 Tumor, 3205 Normal, 3209 Tumor, 3210 Normal",,
BB18_CL,,,,,"KR_RMK0168C,KR_166,KR_2064,KR_2030,KR_177,KR_150,KR_229,KR_203,KR_8,KR_5233,KR_RMK0091B,KR_RMK0194C,KR_RMK0137C,KR_RMK0162C,Ivanka_21_5_Norm,Ivanka_24_5_Norm",16,"3349 Tumor, 3339 Tumor, 3344 Tumor, 3343 Tumor, 3340 Tumor, 3338 Tumor, 3342 Tumor, 3341 Tumor, 3337 Tumor, 3345 Tumor, 3346 Tumor, 3350 Tumor, 3347 Tumor, 3348 Tumor, 2762 Normal, 2150 Normal",,
BB17_CL,,,,,"CNS_29_Tumor,CNS_29_Normal,CNS_30_Tumor,CNS_31_Tumor,CNS_33_Tumor,CNS_34_Tumor,CNS_34_Normal,CNS_35_Tumor,CNS_36_Tumor,CNS_37_Tumor,CNS_38_Tumor,CNS_39_Tumor,CNS_40_Tumor,CNS_41_Tumor,Kit_192,Kit_203",16,"3072 Tumor, 3071 Normal, 3073 Tumor, 3074 Tumor, 3075 Tumor, 3077 Tumor, 3076 Normal, 3078 Tumor, 3079 Tumor, 3080 Tumor, 3081 Tumor, 3082 Tumor, 3083 Tumor, 3084 Tumor, 3320 Tumor, 3321 Tumor",,
BB19_CL,,,,,"DM_10_Tumor,DM_93_cgn,DM_10_Normal,DM_17_Tumor,DM_17_Normal,DM_18_Tumor,DM_18_Normal,DM_22_Tumor,DM_22_Normal,DM_23_Tumor,DM_23_Normal,DM_25_Tumor,DM_25_Normal,DM_6_Tumor,DM_37_Tumor,DM_93_Normal",16,"3107 Tumor, 3147 Tumor, 3106 Normal, 3113 Tumor, 3112 Normal, 3116 Tumor, 3114 Normal, 3118 Tumor, 3117 Normal, 3120 Tumor, 3119 Normal, 3122 Tumor, 3121 Normal, 3104 Tumor, 3127 Tumor, 3148 Normal",,
BB20_CL,,,,,"SM_1_Tumor,DM_48_Tumor,SM_3_Tumor,SM_4_Tumor,SM_4_Normal,SM_5_Tumor,SM_5_Normal,SM7_Tumor,SM_8_Tumor,SM_11_Tumor,SM_12_Tumor,SM_16_Tumor,SM_16_Normal,SM_18_Tumor,DM_42_Tumor,DM_43_Tumor",16,"2779 Tumor, 3132 Tumor, 2782 Tumor, 2784 Tumor, 2783 Normal, 2786 Tumor, 2785 Normal, 2802 Tumor, 2791 Tumor, 2796 Tumor, 2797 Tumor, 2799 Tumor, 2798 Normal, 2800 Tumor, 3129 Tumor, 3131 Tumor",,
BB21_CL,,,,,"CGH11_292,CGH11-172,CGH11_305,CGH11_310,CGH11_319,CGH11_348,CGH10-028,CGH10-045,CGH10-062,CGH11-011,CGH11-072,CGH11-087,CGH11-089,CGH11-147,CGH11-158,CGH11-166",16,"3012 Tumor, 3029 Tumor, 3013 Tumor, 3014 Tumor, 3015 Tumor, 3017 Tumor, 2999 Tumor, 3000 Tumor, 3002 Tumor, 3020 Tumor, 3022 Tumor, 3023 Tumor, 3024 Tumor, 3026 Tumor, 3027 Tumor, 3028 Tumor",,
BB22_CL,,,,,"CGH10-058,CGH11-035,CGH11-194,CGH11-252,CGH11-259,CGH11-315,CGH11-339,CGH11-404,CGH11-409",9,"3001 Tumor, 3021 Tumor, 3031 Tumor, 3037 Tumor, 3038 Tumor, 3039 Tumor, 3040 Tumor, 3041 Tumor, 3042 Tumor",,
BB23_CL,,,,,"SM_2_Tumor,SM_2_Normal,SM_6_Tumor,SM_7_Tumor,SM_7_Normal,SM_8_Normal,SM_9_Tumor,SM_9_Normal,SM_10_Tumor",9,"2781 Tumor, 2780 Normal, 2787 Tumor, 2789 Tumor, 2788 Normal, 2790 Normal, 2794 Tumor, 2793 Normal, 2795 Tumor",,
BB24_CL,,,,,"CGH13-011,CHG12-335,CGH12-345,CGH12-347,CGH13-003,CGH13-009,CGH13-033,CGH13-034,CGH13-041,CGH13-044,CGH13-046,CGH13-058",12,"3061 Tumor, 3070 Tumor, 3057 Tumor, 3058 Tumor, 3059 Tumor, 3060 Tumor, 3062 Tumor, 3063 Tumor, 3064 Tumor, 3065 Tumor, 3066 Tumor, 3067 Tumor",,
BB25_CL,,,,,"DPN_12_Tumor,DPN_1_Tumor,DPN_3_Tumor,DPN_4_Tumor,DPN_5_Tumor,DPN_6_Tumor,DPN_7_Tumor,DPN_8_Tumor,DPN_9_Tumor,DPN_10_Tumor,DPN_11_Tumor",11,"3224 Tumor, 2859 Tumor, 3216 Tumor, 3217 Tumor, 2863 Tumor, 2864 Tumor, 2778 Tumor, 2770 Tumor, 2867 Tumor, 3222 Tumor, 3223 Tumor",,
BB27_CL,,,,,"CNS_50_Tumor,DPN_14_Tumor,DPN_16_Tumor,DPN_17_Tumor,DPN_18_Tumor,DPN_19_Tumor,CNS_42_Tumor,CNS_43_Tumor,CNS_44_Tumor,CNS_48_Tumor,CNS_49_Tumor",11,"3090 Tumor, 3225 Tumor, 2872 Tumor, 2873 Tumor, 2874 Tumor, 2875 Tumor, 3085 Tumor, 3085 Tumor, 3087 Tumor, 3088 Tumor, 3089 Tumor",,
BB28_CL,,,,,"Ivanka_12_5,Ivanka_9_1,Ivanka_9_2,Ivanka_9_3,Ivanka_9_4,Ivanka_9_5,Ivanka_12_1,Ivanka_12_2,Ivanka_12_3,Ivanka_12_4",10,"3289 MELANOMA, 3275 Mel, 3276 Mel, 3277 Nevus, 3277 Nevus, 3279 Normal, 3285 MELANOMA, 3286 MELANOMA, 3287 MELANOMA, 3288 MELANOMA",,
BB29_CL,,,,,"Ivanka_22_5,Ivanka_16_1,Ivanka_16_2,Ivanka_16_3,Ivanka_16_4,Ivanka_16_5,Ivanka_22_1,Ivanka_22_2,Ivanka_22_3,Ivanka_22_4",10,"3299 Normal, 3290 Mel, 3291 Mel, 3292 Nevus, 3293 Nevus, 3294 Normal, 3295 Mel, 3296 Mel, 3297 Nevus, 3298 Nevus",,
BB3_74,,,,,,0,,,
BB74_CL,,,,,"JBP-9-MM,JBP-9-Met,JBP-6-Norm,JBP-6-MM,JBP-6-Met,JBP-11-Norm,JBP-11-MM,JBP-11-Met,UM23,UM24,UM25,UM26,TCR-Beta-1,TCR-Beta-2,CP1-80,CP1-40,CP1-20,CP1-10,CP1-5,CP1-Norm",20,"2827 MM, 2826 Met, 2828 Normal, 2829 MM, 2830 Met, 2901 Normal, 2824 MM, 2899 Met, 3838 Uveal Mel, 3839 Uveal Mel, 3840 Uveal Mel, 3841 Uveal Mel, 3836 Tumor, 3837 Tumor, 3851 Tumor, 3850 Tumor, 3849 Tumor, 3848 Tumor, 3847 Tumor, 3852 Normal",,
KAPAEX-21,,,,,"AMLP-443,AMLP-444,AMLP-493,AMLP-492,AMLP-482,AMLP-491",6,"67 Mel1, 1427 Lung Metastasis, 414 Mel1, 413 MIS2, 1622 Mel2, 375 Mel1",,
BB34_CL,,,,,"Ivanka_20_1,Ivanka_20_2,Ivanka_20_3,Ivanka_20_4,Ivanka_20_5,Ivanka_23_1,Ivanka_23_2,Ivanka_23_3,Ivanka_23_4,Ivanka_23_5",10,"3806 Mel, 3807 Mel, 3808 Nevus, 3809 Nevus, 3810 Normal, 2766 Tumor, 2766 Tumor, 2766 Tumor, 2766 Tumor, 2766 Tumor",,
BB36_CL,,,,,"CGH11-229,CGH11-231,CGH11-232,CGH11-237,CHG11-409",5,"3033 Tumor, 3034 Tumor, 3035 Tumor, 3036 Tumor, 3442 Tumor",,
BB53_CL,,,,,CGH11-051,1,3440 Unknown,,
BB89_CL,,,,,"AM-26-Tumor,AM-25-Tumor,AM-24-Tumor,AM-23-Tumor,AM-22-Tumor,AM-21-Tumor,AM-20-Tumor,AM-19-Tumor,AM-18-Tumor,AM-17-Tumor,AM-16-Tumor,AM-15-Tumor,KAM127-T,KAM127-N,KAM128-T,KAM130-T,KAM131-T,KAM131-N",18,"2708 Tumor, 2707 Tumor, 2706 Tumor, 2705 Tumor, 2704 Tumor, 2703 Tumor, 2702 Tumor, 2701 Tumor, 2700 Tumor, 2699 Tumor, 2698 Tumor, 2697 Tumor, 2725 Tumor, 2724 Normal, 2726 Tumor, 2727 Tumor, 2729 Tumor, 2728 Normal",,
BB90_CL,,,,,"DPN-49-Graz,AM-27-Tumor,AM-28-Tumor,AM-29-Tumor,AM-30-Tumor,AM-31-Tumor,AM-32-Tumor,Rob-T001-Mel,Rob-T001-Normal,Rob-T003-Mel,Rob-T003-Normal,Rob-T005-Nev,Rob-T005-Normal,Rob-T008-Nev,Rob-T008-Normal,Rob-T009-Nev,Rob-T009-Normal,Rob-T010-Nev,Rob-T010-Normal",19,"2696 Tumor, 2709 Tumor, 2710 Tumor, 2711 Tumor, 2712 Tumor, 2713 Tumor, 2714 Tumor, 3858 Mel, 3859 Normal, 2860 Mel, 2825 Normal, 2861 Nevus, 2862 Normal, 2865 Nevus, 2866 Normal, 2867 Nevus, 2868 Normal, 2869 Nevus, 2870 Normal",,
BB86_CL,,,,,"JBU10-MVP,JBU8-Norm,JBU8-MVP,JBU7-Norm,JBU7-MVP,JBU11-Norm,JBU11-MVP,JBU10-Norm,UM38-Normal,UM38-Tumor",10,"2752 MVP, 2757 Normal, 2758 MVP, 2755 Normal, 2756 MVP, 2753 Normal, 2754 MVP, 2751 Normal, 2694 Normal, 2695 Tumor",,
BB85_CL,,,,,"KAM14-T,KAM26-T,KAM34-T,KAM79-T,KAM71-T,KAM65-T,KAM62-T,KAM48-T,KAM43-T,KAM37-T,KAM95-T-B1",11,"2730 Tumor, 2731 Tumor, 2733 Tumor, 2741 Tumor, 2739 Tumor, 2738 Tumor, 2737 Tumor, 2736 Tumor, 2735 Tumor, 2734 Tumor, 2744 Tumor",,
BB80_CL,,,,,"KAM10-Tumor,KAM111-tumor",2,"2715 Tumor, 2748 Tumor; 2749 Tumor",,
BB79_CL,,,,,"KAM93-tumor,KAM99-tumor,KAM3-T-A",3,"2743 Tumor, 2745 Tumor, 2732 Tumor",,
BB82_CL,,,,,KAM100-tumor,1,2717 Tumor,,
BB87_CL,,,,,"DPN49-Tumor,DPN50-Tumor,DPN51-Tumor,DPN52-Tumor,DPN53-Tumor,DPN55-Tumor,DPN56-Tumor,DPN57-Tumor,DPN58-Tumor,DPN60-Tumor,DPN61-Tumor,DPN62-Tumor",12,"2696 Tumor, 3860 Tumor, 3861 Tumor, 3862 Tumor, 3863 Tumor, 3865 Tumor, 3866 Tumor, 3867 Tumor, 3868 Tumor, 3870 Tumor, 3871 Tumor, 3872 Tumor",,
BB67_CL,,,,,"WTMM-17-Tumor,WTMM-18-Tumor,WTMM-19-Tumor,WTMM-20-Tumor,WTMM-21-Tumor,WTMM-22-Tumor,WTMM-23-Tumor,WTMM-24-Tumor",8,"2805 Tumor, 2806 Tumor, 2807 Tumor, 2808 Tumor, 2809 Tumor, 2810 Tumor, 2811 Tumor, 2812 Tumor",,
BB26_CL,,,,,"NGS 1-1,NGS 1-3,NGS 1-4,NGS 1-5,NGS 1-6,NGS 1-7,NGS 1-8,NGS 1-9,NGS 1-10,NGS 1-13,NGS 1-14",11,"2848 Tumor, 2849 Normal, 2850 Tumor, 2851 Tumor, 2852 Tumor, 2853 Tumor, 2854 Normal, 2855 Unknown, 2856 Unknown, 2857 Unknown, 2858 Unknown",,
BB33_CL,,,,,Algazi_Tumor,1,2935 Tumor,,
BB37_CL,,,,,"ChIP1_1,ChIP1_2,ChIP1_3,ChIP1_4,ChIP1_5,ChIP1_6,ChIP1_7,ChIP1_8,ChIP1_9,ChIP1_10,ChIP1_11,ChIP1_12",12,"2887 Cell Line - Control, 2888 Cell Line - Control, 2889 Cell Line - Control, 2890 Cell Line - Knockdown, 2891 Cell Line - Knockdown, 2892 Cell Line - Knockdown, 2893 Cell Line - Control, 2894 Cell Line - Control, 2895 Cell Line - Control, 2896 Cell Line - Knockdown, 2897 Cell Line - Knockdown, 2898 Cell Line - Knockdown",,
XL-10,,,,,"JJS1_Nev,JJS3_Mel1,JJS13_Nev,JJS13_Mel",4,"2091 Nevus, 2060 Mel1, 2069 Nevus, 2071 Mel",,
XL-11,,,,,"JJS14_Nev,JJS14_Mel,JJS16_Mel,JJS16_Nev,JJS17_Mel,JJS17_Nev",6,"2073 Nevus, 2074 Mel, 2077 Mel, 2076 Nevus, 2080 Mel, 2079 Nevus",,
SKMEL-1,,,,,,0,,,
SKMEL_CL,,,,,"SKMEL28-1,SKMEL28-2,SKMEL28-3,SKMEL5-3,SKMEL5-2,SKMEL5-1",6,"2842 Cell Line, 2843 Cell Line, 2844 Cell Line, 2847 Cell Line, 2846 Cell Line, 2845 Cell Line",,
AGEX-01,AGEX-01,,IHG,HiSeq 2500 PE100,"AMLP-01,AMLP-02,AGLP-01,AGLP-02",4,"12 Normal, 14 Mel1, 12 Normal, 14 Mel1","""AM samples from Japan, Switzerland, Bolivia 
& Chili""",
AGEX-03,AGEX-02,,CAT,NovaSeq S4 PE150,"AMLP-49,AMLP-46,AMLP-44,AMLP-52",4,"103 Normal, 100 Mel1, 98 Normal2, 106 Mel1","""AM samples from Japan, Switzerland, Bolivia 
& Chili""",
AGEX-02,AGEX-02,,CAT,NovaSeq S4 PE150,"AMLP-03,AMLP-10,AMLP-06,AMLP-13,AMLP-16,AMLP-21,AMLP-11,AMLP-05,AMLP-08,AMLP-07,AMLP-22_1,AMLP-22_2,AMLP-17,AMLP-18,AMLP-14,AMLP-15,AMLP-12,AMLP-09,AMLP-04",19,"15 Normal, 30 Mel1, 23 Mel1, 38 Normal, 45 Mel1, 82 Normal, 35 Normal, 22 Normal, 27 Mel1, 25 Normal, 84 Mel, 84 Mel, 46 Normal, 48 Mel1, 41 Mel1, 42 Normal, 37 Mel1, 28 Normal, 17 Mel1","""AM samples from Japan, Switzerland, Bolivia 
& Chili""",
KAPAEX-01,BCB001,1/30/2019,IHG,NovaSeq S1 PE150,"DLP-011,DLP-012,DLP-021,DLP-022,DLP-043,DLP-044,DLP-045,DLP-046,DLP-049,DLP-050,DLP-061,DLP-062",12,"290 Nevus, 291 Mel, 300 Nevus, 301 Mel, 772 Mel, 773 Nevus, 774 Mel, 775 Nevus, 776 Mel, 777 Nevus, 781 Mel, 782 Nevus",,
KAPAEX-02,BCB001,1/30/2019,IHG,NovaSeq S1 PE150,"DLP-017,DLP-018,DLP-055,DLP-056,MP41,MP41-YMR1",6,"296 Nevus, 297 Mel, 779 Mel, 780 Nevus, 673 Uveal Mel, 674 Uveal Mel",,
SGPC-06,"BCB002, BCB008",1/30/2019,IHG,NovaSeq S1 PE150,"NMLP-001,NMLP-003,NMLP-004,NMLP-007,NMLP-008,NMLP-009,NMLP-010,NMLP-011,NMLP-012,NMLP-013,NMLP-015,NMLP-016,NMLP-019,NMLP-020,NMLP-021,NMLP-022,NMLP-023,NMLP-024,NMLP-025,NMLP-026,NMLP-027,NMLP-028,NMLP-029,NMLP-030,NMLP-031,NMLP-032,NMLP-034,NMLP-035,NMLP-037,NMLP-038,NMLP-039,NMLP-040,NMLP-041,NMLP-045,NMLP-046,NMLP-048,NMLP-049,NMLP-050,NMLP-051,NMLP-052,SGLP-0356,SGLP-0357,SGLP-0358,SGLP-0359,SGLP-0360,NMLP-017",46,"551 Nodular Mel, 553 Nodular Mel, 554 Nodular Mel, 557 Nodular Mel, 558 Nodular Mel, 559 Nodular Mel, 560 Nodular Mel, 561 Nodular Mel, 562 Nodular Mel, 563 Nodular Mel, 565 Nodular Mel, 566 Nodular Mel, 569 Nodular Mel, 570 Nodular Mel, 571 Nodular Mel, 572 Nodular Mel, 573 Nodular Mel, 574 Nodular Mel, 575 Nodular Mel, 576 Nodular Mel, 577 Nodular Mel, 578 Nodular Mel, 579 Nodular Mel, 580 Nodular Mel, 581 Nodular Mel, 582 Nodular Mel, 584 Nodular Mel, 585 Nodular Mel, 587 Nodular Mel, 588 Nodular Mel, 589 Nodular Mel, 590 Nodular Mel, 591 Nodular Mel, 595 Nodular Mel, 596 Nodular Mel, 598 Nodular Mel, 599 Nodular Mel, 600 Nodular Mel, 601 Nodular Mel, 602 Nodular Mel, 424 Blue + spitz, 425 Blue + spitz, 426 blue nevus, cellular,  DF like, 427 blue nevus, cellular,  DF like, 428 blue nevus, cellular,  DF like, 567 Nodular Mel",,BCB008 was a rerun of BCB002
SGPC-07,"BCB002, BCB008",1/30/2019,IHG,NovaSeq S1 PE150,"SGLP-0334,SGLP-0335,SGLP-0347,SGLP-0348,SGLP-0349,SGLP-0350,SGLP-0351,SGLP-0352,SGLP-0353,SGLP-0354,SGLP-0380,SGLP-0362,SGLP-0363,SGLP-0364,SGLP-0365,SGLP-0366,SGLP-0367,SGLP-0368,SGLP-0369,SGLP-0370,SGLP-0371,SGLP-0372,SGLP-0373,SGLP-0374,SGLP-0375,SGLP-0376,SGLP-0377,SGLP-0378,SGLP-0379,SGLP-0252,SGLP-0253,SGLP-0254,SGLP-0255,SGLP-0256,SGLP-0257,NMLP-014,NMLP-033,NMLP-036,NMLP-042,SGLP-0336,SGLP-0337,SGLP-0338,SGLP-0339,SGLP-0340,SGLP-0341,SGLP-0342,SGLP-0343,SGLP-0344,SGLP-0345,SGLP-0346",50,"604 Acral Melanoma Cells, 605 Acral Melanoma Cells, 617 Tumor, 619 Nevus?, 620 Nevus?, 621 Nevus?, 622 Nevus?, 623 Nevus?, 624 Nevus?, 625 Nevus?, 448 common & balloon, 430 common + blue, 431 common + blue, 432 common + blue, 433 common + blue, 434 common + blue, 435 common + blue, 436 common, sclerotic dermal component, 437 common, sclerotic dermal component, 438 common, sclerotic dermal component, 439 common, sclerotic dermal component, 440 common, sclerotic dermal component, 441 common, sclerotic dermal component, 442 compound meloncytic nevus, 443 common, sclerotic dermal component, 444 blue nevus, cellular, 445 common, sclerotic dermal component, 446 DPN, pure, 447 balloon cell nevus, 618 Mel, 627 Mel, 628 Mel, 629 Mel, 630 Mel, 631 Mel, 564 Nodular Mel, 583 Nodular Mel, 586 Nodular Mel, 592 Nodular Mel, 606 Acral Melanoma Cells, 607 Acral Melanoma Cells, 608 Acral Melanoma Cells, 609 Acral Melanoma Cells, 610 Acral Melanoma Cells, 611 Acral Melanoma Cells, 612 Acral Melanoma Cells, 613 Acral Melanoma Cells, 614 Acral Melanoma Cells, 615 Acral Melanoma Cells, 616 Acral Melanoma Cells",,BCB008 was a rerun of BCB002
KAPAEXR-17,BCB003,2/7/2019,CAT,NovaSeq S4 PE150,"IRLP-001,IRLP-002,IRLP-006,IRLP-007",4,"452 Spitz mel, 454 Spitz mel, 458 Spitz mel, 459 Spitz mel",,
KAPAEXR-18,BCB003,2/7/2019,CAT,NovaSeq S4 PE150,"IRLP-003,IRLP-004,IRLP-005,IRLP-008,IRLP-009,IRLP-010",6,"455 Spitz mel, 456 Spitz mel, 457 Spitz mel, 460 Spitz mel, 461 Spitz mel, 462 Spitz mel",,
XuCL-1,BCB003,2/7/2019,CAT,NovaSeq S4 PE150,"XuRLP-001,XuRLP-002,XuRLP-003,XuRLP-004",4,"2336 Cell Line, 2337 Cell Line, 2338 Cell Line, 2339 Cell Line",,
XuCL-2,BCB003,2/7/2019,CAT,NovaSeq S4 PE150,"XuRLP-005,XuRLP-006,XuRLP-007,XuRLP-008",4,"2340 Cell Line, 2341 Cell Line, 2342 Cell Line, 2343 Cell Line",,
XuCL-3,BCB003,2/7/2019,CAT,NovaSeq S4 PE150,"XuRLP-009,XuRLP-010,XuRLP-011,XuRLP-012",4,"2344 Cell Line, 2345 Cell Line, 2346 Cell Line, 2347 Cell Line",,
XuCL-4,BCB003,2/7/2019,CAT,NovaSeq S4 PE150,"XuRLP-013,XuRLP-014,XuRLP-015,XuRLP-016",4,"2348 Cell Line, 2349 Cell Line, 2350 Cell Line, 2351 Cell Line",,
XuCL-5,BCB003,2/7/2019,CAT,NovaSeq S4 PE150,"XuRLP-017,XuRLP-018,XuRLP-019,XuRLP-020",4,"2352 Cell Line, 2353 Cell Line, 2354 Cell Line, 2355 Cell Line",,
XuCL-6,BCB003,2/7/2019,CAT,NovaSeq S4 PE150,"XuRLP-021,XuRLP-022,XuRLP-023,XuRLP-024",4,"2356 Cell Line, 2357 Cell Line, 2358 Cell Line, 2359 Cell Line",,
XuCL-7,BCB003,2/7/2019,CAT,NovaSeq S4 PE150,"XuRLP-025,XuRLP-026,XuRLP-027,XuRLP-028",4,"2360 Cell Line, 2361 Cell Line, 2362 Cell Line, 2363 Cell Line",,
XuCL-8,BCB003,2/7/2019,CAT,NovaSeq S4 PE150,"XuRLP-029,XuRLP-030,XuRLP-031,XuRLP-032",4,"2364 Cell Line, 2365 Cell Line, 2366 Cell Line, 2367 Cell Line",,
XuCL-9,BCB003,2/7/2019,CAT,NovaSeq S4 PE150,"XuRLP-033,XuRLP-034,XuRLP-035,XuRLP-036",4,"2368 Cell Line, 2369 Cell Line, 2370 Cell Line, 2371 Cell Line",,
XuCL-10,BCB003,2/7/2019,CAT,NovaSeq S4 PE150,"XuRLP-037,XuRLP-038,XuRLP-039,XuRLP-040",4,"2372 Cell Line, 2373 Cell Line, 2374 Cell Line, 2375 Cell Line",,
XuCL-11,BCB003,2/7/2019,CAT,NovaSeq S4 PE150,"XuRLP-041,XuRLP-042,XuRLP-043,XuRLP-044",4,"2376 Cell Line, 2377 Cell Line, 2378 Cell Line, 2379 Cell Line",,
XuCL-12,BCB003,2/7/2019,CAT,NovaSeq S4 PE150,"XuRLP-045,XuRLP-046,XuRLP-047,XuRLP-048",4,"2380 Cell Line, 2381 Cell Line, 2382 Cell Line, 2383 Cell Line",,
XuCL-13,BCB003,2/7/2019,CAT,NovaSeq S4 PE150,"XuRLP-049,XuRLP-050,XuRLP-051,XuRLP-052",4,"2384 Cell Line, 2385 Cell Line, 2386 Cell Line, 2387 Cell Line",,
XuCL-14,BCB003,2/7/2019,CAT,NovaSeq S4 PE150,"XuRLP-053,XuRLP-054,XuRLP-055,XuRLP-056",4,"2388 Cell Line, 2389 Cell Line, 2390 Cell Line, 2391 Cell Line",,
XuCL-15,BCB003,2/7/2019,CAT,NovaSeq S4 PE150,"XuRLP-057,XuRLP-058,XuRLP-059,XuRLP-060",4,"2392 Cell Line, 2393 Cell Line, 2394 Cell Line, 2395 Cell Line",,
XuCL-16,BCB003,2/7/2019,CAT,NovaSeq S4 PE150,"XuRLP-061,XuRLP-062,XuRLP-063,XuRLP-064",4,"2396 Cell Line, 2397 Cell Line, 2398 Cell Line, 2399 Cell Line",,
SGPC-08,BCB004,3/21/2019,CAT,HiSeq 4000 PE100,"SGLP-0029,SGLP-0032,SGLP-0040,SGLP-0100,SGLP-0120,SGLP-0125,SGLP-0128,SGLP-0130,SGLP-0134,SGLP-0137,SGLP-0143,SGLP-0149,SGLP-0155,SGLP-0158,SGLP-0162,SGLP-0261,SGLP-0262,SGLP-0263,SGLP-0266,SGLP-0267,SGLP-0272,SGLP-0275,SGLP-0280,SGLP-0285,SGLP-0288,SGLP-0289,SGLP-0292,SGLP-0294,SGLP-0295,SGLP-0298,SGLP-0302,SGLP-0303,SGLP-0314,SGLP-0315,SGLP-0316,SGLP-0317,SGLP-0318,SGLP-0319,SGLP-0320,SGLP-0321,SGLP-0326,SGLP-0330,SGLP-0332,SGLP-0404,SGLP-0405,SGLP-0406,SGLP-0407,SGLP-0408,SGLP-0409,SGLP-0410,SGLP-0411,SGLP-0412,AMLP-141,SGLP-0304,SGLP-0305,SGLP-0309,SGLP-0311,SGLP-0103,SGLP-0105,SGLP-0166,SGLP-0167,SGLP-0174,SGLP-0181,SGLP-0183,SGLP-0184",65,"171 DN, 174 DN, 182 DN, 195 DN, 215 DN, 220 DN, 223 DN, 225 DN, 229 DN, 232 DN, 238 DN, 244 DN, 250 DN, 253 DN, 257 DN, 113 DN, 114 DN, 115 DN, 118 DN, 119 DN, 124 DN, 127 DN, 132 DN, 137 DN, 140 DN, 141 DN, 144 DN, 146 DN, 147 DN, 150 DN, 154 DN, 155 DN, 675 Junctional, 676 Junctional, 677 Junctional, 678 Junctional, 679 Junctional, 680 Junctional, 681 Junctional, 682 Junctional, 683 Compound, 684 Compound, 685 Compound, 490 nevus or nevus like, 491 nevus or nevus like, 492 nevus or nevus like, 493 nevus or nevus like, 494 nevus or nevus like, 495 nevus or nevus like, 496 nevus or nevus like, 497 nevus or nevus like, 498 DPN-mm, 407 Normal 1, 156 DN, 157 DN, 161 DN, 163 DN, 198 DN, 200 DN, 261 DN, 262 DN, 269 DN, 276 DN, 278 DN, 279 DN",,
SGPC-09,BCB004,3/21/2019,CAT,HiSeq 4000 PE100,"NMLP-018,MRLP-001,MRLP-002,MRLP-003,MRLP-004,MRLP-005,MRLP-006,MRLP-008,MRLP-009,MRLP-010,MRLP-011,MRLP-012,MRLP-015,MRLP-017,MRLP-020,MRLP-021,MRLP-024,MRLP-025,MRLP-026,MRLP-027,MRLP-029,MRLP-030,MRLP-031,MRLP-032,MRLP-033,MRLP-034,MRLP-035,MRLP-036,MRLP-037,MRLP-038,MRLP-039,MRLP-040,MRLP-041,MRLP-042,MRLP-043,MRLP-044,MRLP-045,MRLP-046,MRLP-047,MRLP-048,MRLP-049,MRLP-050,MRLP-051,SGLP-0381,SGLP-0382,SGLP-0383,SGLP-0384,SGLP-0386,SGLP-0388,SGLP-0389,SGLP-0390,SGLP-0391,SGLP-0392,SGLP-0393,SGLP-0394,SGLP-0395,SGLP-0396,SGLP-0397,SGLP-0398,SGLP-0399,SGLP-0400,SGLP-0401,SGLP-0402,SGLP-0403",64,"568 Nodular Mel, 3484 DN, 3485 DN, 3486 DN, 3487 DN, 3488 DN, 3489 DN, 3490 DN, 3491 DN, 3492 DN, 3493 DN, 3494 DN, 3495 DN, 3496 DN, 3497 DN, 3498 DN, 3499 DN, 3500 DN, 3501 DN, 3502 DN, 3503 DN, 3504 DN, 3505 DN, 3506 DN, 3507 DN, 3508 DN, 3509 DN, 3510 DN, 3511 DN, 3512 DN, 3513 DN, 3514 DN, 3515 DN, 3516 DN, 3517 DN, 3518 DN, 3519 DN, 3520 DN, 3521 DN, 3522 DN, 3523 DN, 3524 DN, 3525 DN, 463 cellular blue nevus, 464 cellular blue nevus, 465 cellular blue nevus, 466 cellular blue nevus, 468 cellular blue nevus, 470 cellular blue nevus, 471 cellular blue nevus, 473 cellular blue nevus, 474 cellular blue nevus, 478 nevus or nevus like, 479 nevus or nevus like, 480 nevus or nevus like, 481 nevus or nevus like, 482 nevus or nevus like, 483 nevus or nevus like, 484 nevus or nevus like, 485 nevus or nevus like, 486 nevus or nevus like, 487 nevus or nevus like, 488 nevus or nevus like, 489 nevus or nevus like",,
KAPAEX-03,BCB005,4/19/2019,IHG,NovaSeq S1 PE150,"DLP-026,DLP-027,DLP-029,DLP-031,DLP-065,DLP-069,CGP-9023,CGP-9008",8,"305 Normal, 343 MIS, 345 Normal, 347 Mel, 784 Mel, 778 Normal, 729 Normal, 730 Tumor",,
KAPAEX-04,BCB005,4/19/2019,IHG,NovaSeq S1 PE150,"DLP-025,DLP-028,DLP-041,DLP-052,DLP-59,DLP-070,DLP-071,DLP-073,DLP-001,DLP-030,DLP-047,DLP-053,DLP-054",13,"304 Normal, 344 Mel, 787 MIS, 789 Nevus, 805 Mel, 790 Normal, 792 Normal, 783 Normal, 280 Normal, 346 Nevus, 795 Mel, 794 Mel, 793 Nevus",,
SGPC-10,BCB006,6/17/2019,IHG,NovaSeq S1 PE150,"SGLP-0455,SGLP-0456,SGLP-0457,SGLP-0458,SGLP-0459,SGLP-0460,SGLP-0461,SGLP-0462,SGLP-0463,SGLP-0464,SGLP-0465,SGLP-0466,SGLP-0467,SGLP-0468,SGLP-0469,SGLP-0470,SGLP-0471,SGLP-0473,SGLP-0474,SGLP-0475,SGLP-0477,SGLP-0478,SGLP-0479,SGLP-0480,SGLP-0481,SGLP-0482,SGLP-0484,SGLP-0485,SGLP-0486,SGLP-0487,SGLP-0488,SGLP-0489,SGLP-0490,SGLP-0491,SGLP-0492,SGLP-0493,SGLP-0495,SGLP-0496,SGLP-0497,SGLP-0498,SGLP-0499,SGLP-0413,SGLP-0414,SGLP-0415,SGLP-0416,SGLP-0417,SGLP-0418,SGLP-0420,SGLP-0421,SGLP-0422,SGLP-0423,SGLP-0424,SGLP-0425,SGLP-0426,SGLP-0427,SGLP-0429,SGLP-0430,SGLP-0431,SGLP-0432,SGLP-0433,SGLP-0434,SGLP-0436,SGLP-0437,SGLP-0438,SGLP-0439,SGLP-0440,SGLP-0441,SGLP-0442,SGLP-0443,SGLP-0444,SGLP-0445,SGLP-0446,SGLP-0447,SGLP-0448,SGLP-0449,SGLP-0450,SGLP-0451,SGLP-0453,SGLP-0454,NMLP-034,NMLP-001,NMLP-004,NMLP-009,NMLP-010,NMLP-011,NMLP-049,SGLP-0029,SGLP-0032,SGLP-0040,SGLP-0100,SGLP-0252,SGLP-0253,SGLP-0255,SGLP-0256,SGLP-0257,SGLP-0105",96,"806 MELANOMA, 807 PAM, 808 MELANOMA, 809 MELANOMA, 810 NORMAL, 811 MELANOMA, 812 MELANOMA, 813 MELANOMA, 814 MELANOMA, 815 MELANOMA, 816 MELANOMA, 817 PAM, 818 MELANOMA, 819 MELANOMA, 820 NORMAL, 821 MELANOMA, 822 MELANOMA, 825 MELANOMA, 827 MELANOMA, 828 MELANOMA, 830 MELANOMA, 831 MELANOMA, 832 NORMAL, 833 MELANOMA, 835 MELANOMA, 837 MELANOMA, 839 MELANOMA, 840 PAM, 841 NORMAL, 842 MELANOMA, 843 MELANOMA, 844 MELANOMA, 845 MELANOMA, 846 MELANOMA, 847 MELANOMA, 848 NORMAL, 851 NEVUS, 852 NEVUS, 853 NEVUS, 854 NEVUS, 855 NEVUS, 502 Junctional, 503 Junctional, 504 Junctional, 505 Junctional, 506 Junctional, 507 Junctional, 509 Junctional, 510 Junctional, 511 Junctional, 512 Junctional, 513 Junctional, 514 Junctional, 515 Junctional, 516 Junctional, 518 Junctional, 519 Junctional, 520 Junctional, 521 Junctional, 522 Congenital superficial, 523 Congenital superficial, 525 Congenital superficial, 526 Congenital superficial, 527 Congenital superficial, 530 Compound, 537 Compound, 538 Compound, 539 Compound, 540 Compound, 542 Compound, 543 Compound, 544 Compound, 545 Compound, 546 Compound, 547 Compound, 1316 Acral Mel Cells, 1317 Acral Mel Cells, 1318 Acral Mel Cells, 1319 Acral Mel Cells, 584 Nodular Mel, 551 Nodular Mel, 554 Nodular Mel, 559 Nodular Mel, 560 Nodular Mel, 561 Nodular Mel, 599 Nodular Mel, 171 DN, 174 DN, 182 DN, 195 DN, 618 Mel, 627 Mel, 629 Mel, 630 Mel, 631 Mel, 200 DN",,
AGEX-04,BCB007,6/18/2019,CAT,NovaSeq S4 PE150,"AMLP-66,AMLP-69,AMLP-75,AMLP-77,AMLP-87,AMLP-89,AMLP-95,AMLP-96,AMLP-99",9,"360 Normal 2, 363 Mel1, 369 Normal1, 371 Mel1, 381 Normal 2, 384 Mel1, 389 Mel1, 390 Normal 1, 393 Mel1",,
AGEX-05,BCB007,6/18/2019,CAT,NovaSeq S4 PE150,"AMLP-97,AMLP-102,AMLP-104,AMLP-107,AMLP-109,AMLP-110,AMLP-113,AMLP-114,AMLP-117",9,"391 Normal 1, 398 Normal 1, 401 Mel1, 404 Normal 1, 406 Mel1, 407 Normal 1, 410 Mel1, 411 Normal 1, 414 Mel1",,
AGEX-06,BCB007,6/18/2019,CAT,NovaSeq S4 PE150,"AMLP-30,AMLP-41,AMLP-45,AMLP-50,AMLP-47,AMLP-54,AMLP-125",7,"16 MIS1, 24 MIS1, 99 MIS1, 104 MIS1, 101 Met1, 108 Met1, 83 MIS1",,
UCSF500-01,BCB009,7/25/2019,IHG,NovaSeq SP PE150,"U5LP-01,U5LP-02,U5LP-04,U5LP-05,U5LP-06,U5LP-03,U5LP-08,U5LP-09,U5LP-10,U5LP-11,U5LP-12,U5LP-13",12,"2251 Tumor, 2252 Tumor, 2254 Tumor, 2255 Tumor, 2256 Tumor, 2257 Tumor, 2258 Tumor, 2259 Normal, 2260 Normal, 2261 Normal, 2262 Normal, 2253 Tumor",,
KAPAEX-05,BCB010,7/25/2019,IHG,NovaSeq S1 PE150,"DLP-02,DLP-03,DLP-06,DLP-19,DLP-85,DLP-08,DLP-09,DLP-72,DLP-86,DLP-75,DLP-79,DLP-94,DLP-95,DLP-96,DLP-89,DLP-90,DLP-91,DLP-92,DLP-93",19,"281 Nevus, 282 Mel, 285 Mel, 298 Nevus, 884 MIS, 287 Nevus, 288 Mel, 786 Normal, 885 MIS1, 788 Nevus, 801 Nevus, 892 Mel, 893 Nevus, 894 Normal, 887 Blue Nevus, 888 Blue Nevus, 889 Blue Nevus, 890 Blue Nevus, 891 Blue Nevus",,
SGPC-11,BCB011,8/2/2019,CAT,HiSeq 4000 PE100,"SGLP-0162,SGLP-0155,SGLP-0158,SGLP-0120,SGLP-0130,SGLP-0137,SGLP-0143,SGLP-0149,SGLP-0285,SGLP-0383,SGLP-0128,SGLP-0330,SGLP-0326,SGLP-0317,SGLP-0332,SGLP-0316,SGLP-0298,SGLP-0321,SGLP-0315,SGLP-0267,SGLP-0275,SGLP-0272,SGLP-0262,SGLP-0318,SGLP-0319,SGLP-0263,SGLP-0314,SGLP-0295,SGLP-0280,SGLP-0320,SGLP-0294,SGLP-0302,SGLP-0303,SGLP-0292,SGLP-0288,MRLP-027,MRLP-029,MRLP-030,MRLP-031,MRLP-038,MRLP-039,MRLP-036,MRLP-033,MRLP-034,MRLP-037,MRLP-032,MRLP-035,MRLP-001,MRLP-003,MRLP-006,MRLP-024,MRLP-015,MRLP-004,MRLP-009,MRLP-005,MRLP-025,MRLP-010,MRLP-008,MRLP-021,MRLP-026,MRLP-002,MRLP-011,MRLP-012,MRLP-017,MRLP-020,MRLP-040,MRLP-051,SGLP-0480,SGLP-0479,SGLP-0482,SGLP-0481,SGLP-0484,SGLP-0485,SGLP-0304,SGLP-0305,SGLP-0309,SGLP-0311,SGLP-0103,SGLP-0166,SGLP-0167,SGLP-0174,SGLP-0181,SGLP-0183,SGLP-0184",84,"257 DN, 250 DN, 253 DN, 215 DN, 225 DN, 232 DN, 238 DN, 244 DN, 137 DN, 465 cellular blue nevus, 223 DN, 684 Compound, 683 Compound, 678 Junctional, 685 Compound, 677 Junctional, 150 DN, 682 Junctional, 676 Junctional, 119 DN, 127 DN, 124 DN, 114 DN, 679 Junctional, 680 Junctional, 115 DN, 675 Junctional, 147 DN, 132 DN, 681 Junctional, 146 DN, 154 DN, 155 DN, 144 DN, 140 DN, 3502 DN, 3503 DN, 3504 DN, 3505 DN, 3512 DN, 3513 DN, 3510 DN, 3507 DN, 3508 DN, 3511 DN, 3506 DN, 3509 DN, 3484 DN, 3486 DN, 3489 DN, 3499 DN, 3495 DN, 3487 DN, 3491 DN, 3488 DN, 3500 DN, 3492 DN, 3490 DN, 3498 DN, 3501 DN, 3485 DN, 3493 DN, 3494 DN, 3496 DN, 3497 DN, 3514 DN, 3525 DN, 833 MELANOMA, 832 NORMAL, 837 MELANOMA, 835 MELANOMA, 839 MELANOMA, 840 PAM, 156 DN, 157 DN, 161 DN, 163 DN, 198 DN, 261 DN, 262 DN, 269 DN, 276 DN, 278 DN, 279 DN",,
SGPC-12,BCB012,8/23/2019,CAT,HiSeq 4000 PE100,"MRLP-026,MRLP-027,MRLP-030,MRLP-031,MRLP-037,MRLP-040,SGLP-0450,SGLP-0451,SGLP-0453,SGLP-0454,SGLP-0334,SGLP-0335,MP41,MP41-YMR1,SGLP-0336,SGLP-0337,SGLP-0338,SGLP-0339,SGLP-0340,SGLP-0341,SGLP-0342,SGLP-0343,SGLP-0344,SGLP-0345,SGLP-0346",25,"3501 DN, 3502 DN, 3504 DN, 3505 DN, 3511 DN, 3514 DN, 1316 Acral Mel Cells, 1317 Acral Mel Cells, 1318 Acral Mel Cells, 1319 Acral Mel Cells, 604 Acral Melanoma Cells, 605 Acral Melanoma Cells, 673 Uveal Mel, 674 Uveal Mel, 606 Acral Melanoma Cells, 607 Acral Melanoma Cells, 608 Acral Melanoma Cells, 609 Acral Melanoma Cells, 610 Acral Melanoma Cells, 611 Acral Melanoma Cells, 612 Acral Melanoma Cells, 613 Acral Melanoma Cells, 614 Acral Melanoma Cells, 615 Acral Melanoma Cells, 616 Acral Melanoma Cells",,
SGPC-13,BCB013,9/11/2019,CAT,HiSeq 4000 PE100,"NMLP-001,NMLP-004,NMLP-010,NMLP-011,NMLP-049,SGLP-0413,SGLP-0414,SGLP-0415,SGLP-0416,SGLP-0417,SGLP-0418,SGLP-0420,SGLP-0421,SGLP-0422,SGLP-0423,SGLP-0424,SGLP-0425,SGLP-0426,SGLP-0427,SGLP-0429,SGLP-0430,SGLP-0431,SGLP-0432,SGLP-0433,SGLP-0434,SGLP-0436,SGLP-0437,SGLP-0438,SGLP-0439,SGLP-0440,SGLP-0441,SGLP-0442,SGLP-0443,SGLP-0444,SGLP-0445,SGLP-0446,SGLP-0447,SGLP-0448,SGLP-0449,SGLP-0455,SGLP-0456,SGLP-0457,SGLP-0460,SGLP-0461,SGLP-0462,SGLP-0463,SGLP-0464,SGLP-0465,SGLP-0466,SGLP-0467,SGLP-0468,SGLP-0469,SGLP-0470,SGLP-0473,SGLP-0475,SGLP-0477,SGLP-0479,SGLP-0481,SGLP-0482,SGLP-0484,SGLP-0485,SGLP-0486,SGLP-0487,SGLP-0488,SGLP-0490,SGLP-0491,SGLP-0496,SGLP-0497,SGLP-0498,SGLP-0499",70,"551 Nodular Mel, 554 Nodular Mel, 560 Nodular Mel, 561 Nodular Mel, 599 Nodular Mel, 502 Junctional, 503 Junctional, 504 Junctional, 505 Junctional, 506 Junctional, 507 Junctional, 509 Junctional, 510 Junctional, 511 Junctional, 512 Junctional, 513 Junctional, 514 Junctional, 515 Junctional, 516 Junctional, 518 Junctional, 519 Junctional, 520 Junctional, 521 Junctional, 522 Congenital superficial, 523 Congenital superficial, 525 Congenital superficial, 526 Congenital superficial, 527 Congenital superficial, 530 Compound, 537 Compound, 538 Compound, 539 Compound, 540 Compound, 542 Compound, 543 Compound, 544 Compound, 545 Compound, 546 Compound, 547 Compound, 806 MELANOMA, 807 PAM, 808 MELANOMA, 811 MELANOMA, 812 MELANOMA, 813 MELANOMA, 814 MELANOMA, 815 MELANOMA, 816 MELANOMA, 817 PAM, 818 MELANOMA, 819 MELANOMA, 820 NORMAL, 821 MELANOMA, 825 MELANOMA, 828 MELANOMA, 830 MELANOMA, 832 NORMAL, 835 MELANOMA, 837 MELANOMA, 839 MELANOMA, 840 PAM, 841 NORMAL, 842 MELANOMA, 843 MELANOMA, 845 MELANOMA, 846 MELANOMA, 852 NEVUS, 853 NEVUS, 854 NEVUS, 855 NEVUS",,
KAPAEX-08,BCB014,9/16/2019,IHG,NovaSeq S1 PE150,"DLP-88,DLP-07,DLP-76,DLP-81,DLP-83,DLP-16,DLP-05,DLP-15,DLP-80,DLP-24,DLP-23,DLP-10,DLP-68,DLP-87,DLP-20,DLP-48,DLP-04,DLP-059_RE2,DLP-059_RE3",19,"886 Blue Nevus, 286 Normal, 791 Mel, 785 Nevus, 804 Normal, 295 Mel, 284 Nevus, 294 Nevus, 802 Mel, 303 Mel, 302 Normal, 289 Normal, 797 Normal, 895 Normal, 299 Mel, 796 Nevus, 283 Normal, 805 Mel, 805 Mel",,
KAPAEX-06,BCB015,9/27/2019,CAT,HiSeq 4000 PE100,"VMRLP-101,VMRLP-102,VMRLP-103",3,"896 Mel, 897 Mel, 898 Mel",,
KAPAEX-07,BCB015,9/27/2019,CAT,HiSeq 4000 PE100,"VMRLP-104,VMRLP-105,VMRLP-106",3,"899 Mel, 900 Mel, 901 Mel",,
SGPC-14,BCB015,9/27/2019,CAT,HiSeq 4000 PE100,"SGLP-0576,SGLP-0577,SGLP-0578,SGLP-0579,SGLP-0580,SGLP-0581,SGLP-0582,NMLP-009,NMLP-016,NMLP-017,NMLP-018,NMLP-020,NMLP-021,NMLP-023,NMLP-024,NMLP-027,NMLP-034,NMLP-035,NMLP-037,NMLP-038,NMLP-040,NMLP-041,NMLP-045,NMLP-046,NMLP-048,SGLP-0029,SGLP-0100,SGLP-0252,SGLP-0253,SGLP-0254,SGLP-0255,SGLP-0256,SGLP-0257,SGLP-0489,SGLP-0490,SGLP-0600,SGLP-0601,SGLP-0602,SGLP-0603,SGLP-0604,SGLP-0605,SGLP-0606,SGLP-0607,SGLP-0105",44,"956 Mel, 957 Mel, 958 Mel, 959 Mel, 960 Mel, 961 Mel, 962 Mel, 559 Nodular Mel, 566 Nodular Mel, 567 Nodular Mel, 568 Nodular Mel, 570 Nodular Mel, 571 Nodular Mel, 573 Nodular Mel, 574 Nodular Mel, 577 Nodular Mel, 584 Nodular Mel, 585 Nodular Mel, 587 Nodular Mel, 588 Nodular Mel, 590 Nodular Mel, 591 Nodular Mel, 595 Nodular Mel, 596 Nodular Mel, 598 Nodular Mel, 171 DN, 195 DN, 618 Mel, 627 Mel, 628 Mel, 629 Mel, 630 Mel, 631 Mel, 844 MELANOMA, 845 MELANOMA, 2328 Tumor, 2329 Tumor, 2330 Tumor, 2331 Tumor, 2332 Tumor, 2333 Tumor, 2334 Tumor, 2335 Tumor, 200 DN",,
SGPC-15,BCB016,9/27/2019,CAT,HiSeq 4000 PE100,"SGLP-0559,SGLP-0560,SGLP-0561,SGLP-0562,SGLP-0563,SGLP-0564,SGLP-0565,SGLP-0566,SGLP-0567,SGLP-0568,SGLP-0569,SGLP-0571,SGLP-0570,SGLP-0572,SGLP-0573,SGLP-0574,SGLP-0575,SGLP-0500,SGLP-0501,SGLP-0502,SGLP-0503,SGLP-0505,SGLP-0504,SGLP-0506,SGLP-0507,SGLP-0508,SGLP-0509,SGLP-0510,SGLP-0511,SGLP-0512,SGLP-0513,SGLP-0514,SGLP-0515,SGLP-0516,SGLP-0517,SGLP-0518,SGLP-0519,SGLP-0520,SGLP-0521,SGLP-0522,SGLP-0523,SGLP-0524,SGLP-0525,SGLP-0526,SGLP-0527,SGLP-0528,SGLP-0529,SGLP-0530,SGLP-0531,SGLP-0532,SGLP-0533,SGLP-0534,SGLP-0535,SGLP-0536,SGLP-0537,SGLP-0538,SGLP-0539,SGLP-0540,SGLP-0541,SGLP-0542,SGLP-0543,SGLP-0544,SGLP-0545,SGLP-0546,SGLP-0547,SGLP-0548,SGLP-0549,SGLP-0550,SGLP-0552,SGLP-0553,SGLP-0554,SGLP-0555,SGLP-0556,SGLP-0557,SGLP-0558,SGLP-0261,SGLP-0266,SGLP-0125,SGLP-0289,SGLP-0134",80,"980 Normal, 981 Normal, 982 Normal, 983 Normal, 984 Normal, 985 Normal, 986 Normal, 987 Normal, 988 Normal, 989 Normal, 990 Normal, 992 Normal, 991 Normal, 993 Normal, 994 Normal, 995 Normal, 996 Normal, 856 NEVUS, 857 NEVUS, 858 NEVUS, 859 NEVUS, 861 NEVUS, 860 NEVUS, 863 PAM, 864 NORMAL, 865 PAM, 866 NORMAL, 869 PAM, 872 PAM, 873 PAM, 874 PAM, 875 PAM, 912 Mel, 913 Mel, 914 Mel, 915 Mel, 916 Mel, 917 Mel, 918 Mel, 919 Mel, 920 Mel, 921 Mel, 922 Mel, 923 Mel, 924 Mel, 925 Mel, 926 Mel, 927 Mel, 928 Mel, 929 Mel, 930 Mel, 931 Mel, 932 Mel, 933 Mel, 934 Mel, 935 Mel, 936 Mel, 937 Mel, 938 Mel, 939 Mel, 940 Mel, 941 Mel, 942 Mel, 943 Mel, 944 Mel, 945 Mel, 946 Mel, 947 Mel, 949 Mel, 950 Mel, 951 Mel, 952 Mel, 953 Mel, 954 Mel, 955 Mel, 113 DN, 118 DN, 220 DN, 141 DN, 229 DN",,
SGPC-16,BCB017,11/25/2019,CAT,HiSeq 4000 PE100,"SGLP-0220,SGLP-0221,SGLP-0223,SGLP-0224,SGLP-0230,SGLP-0232,SGLP-0235,SGLP-0240,SGLP-0241,SGLP-0242,SGLP-0243,SGLP-0244,SGLP-0245,SGLP-0246,SGLP-0248,SGLP-0249,SGLP-0380,SGLP-0385,SGLP-0387,SGLP-0583,SGLP-0584,SGLP-0585,SGLP-0586,SGLP-0587,SGLP-0588,SGLP-0589,SGLP-0590,SGLP-0591,SGLP-0592,SGLP-0593,SGLP-0594,SGLP-0595,SGLP-0596,SGLP-0597,SGLP-0598,SGLP-0599,SGLP-0608,SGLP-0609,SGLP-0610,SGLP-0611,SGLP-0612,SGLP-0613,SGLP-0614,SGLP-0615,SGLP-0616,SGLP-0617,SGLP-0618,SGLP-0619,SGLP-0620,SGLP-0621,SGLP-0622,SGLP-0623,SGLP-0624,SGLP-0625,SGLP-0626,SGLP-0627,SGLP-0628,SGLP-0629,SGLP-0630,SGLP-0631,SGLP-0632,SGLP-0633,SGLP-0634,SGLP-0635,SGLP-0636,SGLP-0637,SGLP-0638,SGLP-0639,SGLP-0640,SGLP-0641,SGLP-0642,SGLP-0643,SGLP-0644,SGLP-0645,SGLP-0646,SGLP-0647,SGLP-0648,SGLP-0649,SGLP-0650,SGLP-0651,SGLP-0652,SGLP-0653,SGLP-0654,SGLP-0655,SGLP-0656,SGLP-0657,SGLP-0658,SGLP-0659,SGLP-0660,SGLP-0661,SGLP-0200,SGLP-0201,SGLP-0202,SGLP-0203,SGLP-0204,SGLP-0205,SGLP-0206,SGLP-0207,SGLP-0208,SGLP-0209",100,"635 Mel, 636 Mel, 638 Mel, 639 Mel, 645 Mel, 647 Mel, 650 Mel, 655 Mel, 656 Mel, 657 Mel, 658 Mel, 659 Mel, 660 Mel, 661 Mel, 663 Mel, 664 Mel, 448 common & balloon, 467 cellular blue nevus, 469 cellular blue nevus, 963 Mel, 964 Mel, 965 Mel, 966 Mel, 967 Mel, 968 Mel, 969 Mel, 970 Mel, 971 Mel, 972 Mel, 973 Mel, 974 Mel, 975 Mel, 976 Mel, 977 Mel, 978 Mel, 979 Mel, 1004 Nodular Mel, 1005 Nodular Mel, 1006 Nodular Mel, 1007 Nodular Mel, 1008 Nodular Mel, 1009 Nodular Mel, 1010 Nodular Mel, 1011 Nodular Mel, 1012 Nodular Mel, 1013 Nodular Mel, 1014 Nodular Mel, 1015 Nodular Mel, 1016 Nodular Mel, 1017 Nodular Mel, 1018 Nodular Mel, 1019 Nodular Mel, 1020 Nodular Mel, 1021 Nodular Mel, 1025 Mel, 1025 Mel, 1035 Mel, 1035 Mel, 1044 Mel, 1044 Mel, 1025 Mel, 1035 Mel, 1057 Mel, 1057 Mel, 1025 Mel, 1035 Mel, 1022 Mel, 1023 Mel, 1024 Mel, 1026 Mel, 1027 Mel, 1028 Mel, 650 Mel, 651 Mel, 1031 Mel, 1032 Mel, 1033 Mel, 1034 Mel, 1036 Mel, 1037 Mel, 647 Mel, 1039 Mel, 646 Mel, 1041 Mel, 1042 Mel, 1043 Mel, 1045 Mel, 1046 Mel, 638 Mel, 1048 Mel, 1135 Tumor, 1136 Tumor, 1137 Tumor, 1138 Tumor, 1139 Tumor, 1140 Tumor, 1141 Tumor, 1142 Tumor, 1143 Tumor, 1144 Tumor",,
AGEX-07,BCB018,12/11/2019,CAT,NovaSeq S4 PE100,"AMLP-126,AMLP-127,AMLP-128,AMLP-130,AMLP-131,AMLP-132,AMLP-133,AMLP-135,AMLP-137,AMLP-140,AMLP-142,AMLP-147,AMLP-149,AMLP-150,AMLP-151",15,"81 Mel1, 1154 LN Met 1, 1153 LN Met 2, 84 Mel, 1152 Met1, 100 Mel1, 108 Met1, 384 Mel1, 393 Mel1, 410 Mel1, 414 Mel1, 1148 LN Met 1, 34 Mel1, 37 Mel1, 45 Mel1",,
AGEX-08,BCB018,12/11/2019,CAT,NovaSeq S4 PE100,"AMLP-129,AMLP-136,AMLP-138,AMLP-139,AMLP-143,AMLP-145,AMLP-146,AMLP-148,AMLP-19_1,AMLP-48,AMLP-51,AMLP-53,AMLP-55,AMLP-84,AMLP-85,AMLP-90,AMLP-19_2",17,"83 MIS1, 389 Mel1, 404 Normal 1, 406 Mel1, 411 Normal 1, 76 Mel1, 77 Mel2, 31 Normal, 78 Normal, 102 Met2, 105 MIS2, 107 Mel2, 109 Met2, 378 Mel1, 379 LN Met 1, 385 LN Met 1, 78 Normal",,
AGEX-09,BCB019,2/27/2020,CAT,NovaSeq S4 PE150,"AMLP-195,AMLP-196,AMLP-175,AMLP-156,AMLP-197,AMLP-198,AMLP-176,AMLP-160,AMLP-163,AMLP-168,AMLP-169,AMLP-78,AMLP-172-81,AMLP-82,AMLP-186",15,"81 Mel1, 1154 LN Met 1, 1153 LN Met 2, 1153 LN Met 2, 1152 Met1, 106 Mel1, 1236 LN Met 4, 1236 LN Met 4, 363 Mel1, 371 Mel1, 372 Normal1, 372 Normal1, 375 Mel1, 376 Normal1, 1242 Normal2",,
AGEX-10,BCB019,2/27/2020,CAT,NovaSeq S4 PE150,"AMLP-178,AMLP-85,AMLP-179,AMLP-180,AMLP-181,AMLP-184,AMLP-104,AMLP-185,AMLP-105,AMLP-191,AMLP-194,AMLP-123,AMLP-61,AMLP-58,AMLP-64,AMLP-174",16,"378 Mel1, 379 LN Met 1, 379 LN Met 1, 385 LN Met 1, 398 Normal 1, 401 Mel1, 401 Mel1, 402 Mel2, 402 Mel2, 1243 Normal, 422 Mel1, 422 Mel1, 8 Met1, 4 Mel1, 11 Met1, 413 MIS2",,
SGPC-17,BCB020,6/26/2020,CAT,HiSeq 2500 PE100,"SGLP-0662,SGLP-0663,SGLP-0664,SGLP-0665,SGLP-0666,SGLP-0667,SGLP-0668,SGLP-0669,SGLP-0670,SGLP-0671,SGLP-0672,SGLP-0673,SGLP-0674,SGLP-0675,SGLP-0676,SGLP-0677,SGLP-0678,SGLP-0679,SGLP-0680,SGLP-0681,SGLP-0682,SGLP-0683,SGLP-0684,SGLP-0685,SGLP-0686,SGLP-0687,SGLP-0688,SGLP-0689,SGLP-0690,SGLP-0691,SGLP-0692,SGLP-0693,SGLP-0694,SGLP-0695,SGLP-0696,SGLP-0697,SGLP-0698,SGLP-0699,SGLP-0700,SGLP-0701,SGLP-0702,SGLP-0703,SGLP-0704,SGLP-0705,SGLP-0706,SGLP-0707,SGLP-0708,SGLP-0709,SGLP-0710,SGLP-0711,SGLP-0712,SGLP-0713,SGLP-0714,SGLP-0715,SGLP-0716,SGLP-0717,SGLP-0718,SGLP-0719,SGLP-0720,SGLP-0721,SGLP-0722,SGLP-0723,SGLP-0724,SGLP-0725,SGLP-0726,SGLP-0727,SGLP-0728,SGLP-0729,SGLP-0730,SGLP-0731,SGLP-0732,SGLP-0733,SGLP-0734,SGLP-0735,SGLP-0736,SGLP-0737,SGLP-0738,SGLP-0739,SGLP-0740,SGLP-0741,SGLP-0742,SGLP-0743,SGLP-0744,SGLP-0745,SGLP-0746,SGLP-0747,SGLP-0748,SGLP-0749,SGLP-0750,SGLP-0751,SGLP-0752,SGLP-0753,SGLP-0754,SGLP-0755,SGLP-0756,SGLP-0757,SGLP-0758,SGLP-0759,SGLP-0760,SGLP-0761,SGLP-0762,SGLP-0763,SGLP-0764,SGLP-0768,SGLP-0769,SGLP-0770,SGLP-0771,SGLP-0772,SGLP-0773,SGLP-0765,SGLP-0766,SGLP-0767",112,"1049 Mel, 1050 Mel, 1051 Mel, 1052 Mel, 1053 Mel, 1054 Mel, 1055 Mel, 1056 Mel, 1058 Mel, 1059 Mel, 1060 Mel, 1061 Mel, 1062 Mel, 1063 Mel, 1064 Mel, 1065 Mel, 1066 Mel, 1067 Mel, 1068 Mel, 1069 Mel, 1070 Mel, 1071 Mel, 1072 Mel, 1073 Mel, 1074 Mel, 1075 Mel, 1078 Mel, 1079 Mel, 1080 Mel, 1081 Mel, 1082 Mel, 1083 Mel, 1085 Mel, 1086 Mel, 1087 Mel, 1088 Mel, 1089 Mel, 1090 Mel, 1091 Mel, 1092 Mel, 1093 Mel, 1094 Mel, 1095 Mel, 1096 Mel, 1097 Mel, 1098 Mel, 1099 Mel, 1100 Mel, 1101 Mel, 1102 Mel, 1103 Mel, 1104 Mel, 1106 Mel, 1107 Mel, 1108 Mel, 1109 Mel, 1110 Mel, 1111 Mel, 1112 Mel, 1113 Mel, 1114 Mel, 1115 Mel, 1116 Mel, 1117 Mel, 1118 Mel, 1119 Mel, 1120 Mel, 1121 Mel, 1122 Mel, 1123 Mel, 1125 Mel, 1126 Mel, 1127 Mel, 1128 Mel, 1129 Mel, 1130 Mel, 1131 Mel, 1132 Mel, 1133 Mel, 1252 DN, 1254 DN, 1256 DN, 1257 DN, 1258 DN, 1259 DN, 1260 DN, 1261 DN, 1262 DN, 1263 DN, 1264 DN, 1266 DN, 1267 DN, 1268 DN, 1269 DN, 1270 DN, 1273 DN, 1275 DN, 1279 DN, 1280 DN, 1281 DN, 1282 DN, 1283 DN, 1284 DN, 878 DPN-mm, 879 DPN-mm, 882 DPN-mm, 911 DPN-mm, 1420 NEVUS, 1421 NEVUS, 1246 Acral Melanoma Cells, 1247 Acral Melanoma Cells, 1248 Acral Melanoma Cells",,
AGEX-11,BCB021,9/21/2020,CAT,NovaSeq S4 PE150,"AMLP-153,AMLP-68,AMLP-162,AMLP-170,AMLP-83,AMLP-177,AMLP-88,AMLP-93,AMLP-112,AMLP-173,AMLP-121,AMLP-192,AMLP-199",13,"80 MIS2, 362 MIS2, 362 MIS2, 373 MIS1, 377 MIS1, 377 MIS1, 382 MIS1, 387 MIS2, 409 MIS2, 412 MIS1, 420 MIS1, 1244 MIS1, 1422 Normal; 72 Normal",,
AGEX-12,BCB021,9/21/2020,CAT,NovaSeq S4 PE150,"AMLP-152,AMLP-76-164,AMLP-165,AMLP-80,AMLP-171,AMLP-91,AMLP-92,AMLP-103,AMLP-182,AMLP-108,AMLP-231,AMLP-210,AMLP-204",13,"79 MIS1, 370 MIS1, 1240 MIS2, 374 MIS2, 374 MIS2, 383 MIS2, 386 MIS1, 399 MIS1, 399 MIS1, 405 MIS1, 422 Mel1, 1289 Mel2, 1148 LN Met 1",,
WGS-01,BCB022,10/16/2020,CAT,NovaSeq S4 PE100,"EXLP-01,EXLP-04,EXLP-05,EXLP-09,EXLP-10,EXLP-11",6,"1311 Normal, 1314 Met3, 1426 Met4, 1439 Invasive 5, 1440 Invasive 6, 1438 Normal",,
KAPAEX-09,BCB023,10/20/2020,CAT,NovaSeq S4 PE150,"RLP-73,RLP-74,RLP-67,RLP-68,RLP-69,RLP-70",6,"1430 Normal, 1431 Normal, 778 Normal, 783 Normal, 792 Normal, 790 Normal",,
KAPAEX-10,BCB023,10/20/2020,CAT,NovaSeq S4 PE150,"RLP-72,RLP-75,RLP-76,RLP-88,RLP-71,RLP-92",6,"1434 Normal, 1432 Normal, 1433 Normal, 1447 Normal, 797 Normal, 1449 Normal",,
KAPAEX-11,BCB023,10/20/2020,CAT,NovaSeq S4 PE150,"RLP-89,RLP-78,RLP-79,RLP-24,RLP-80,RLP-90",6,"1451 Normal, 1442 MIS1, 1443 MIS2, 303 Mel, 303 Mel, 1446 Normal",,
KAPAEX-12,BCB023,10/20/2020,CAT,NovaSeq S4 PE150,"RLP-77,RLP-81,RLP-82,RLP-17,RLP-25",5,"289 Normal, 1441 MIS1, 1444 MIS2, 296 Nevus, 304 Normal",,
KAPAEX-13,BCB023,10/20/2020,CAT,NovaSeq S4 PE150,"RLP-85,RLP-86,RLP-87,RLP-93,RLP-91",5,"894 Normal, 892 Mel, 893 Nevus, 1450 Normal, 1448 Normal",,
KAPAEX-14,BCB023,10/20/2020,CAT,NovaSeq S4 PE150,"DLP-105,DLP-108,DLP-115,DLP-116,DLP-117,DLP-118,DLP-119,DLP-120,DLP-123,DLP-124,DLP-126,DLP-98,DLP-99",13,"349 Mel, 353 Mel, 1434 Normal, 348 Nevus, 352 Nevus, 1441 MIS1, 1432 Normal, 1444 MIS2, 1446 Normal, 1448 Normal, 1450 Normal, 1430 Normal, 1431 Normal",,
KAPAEX-15,BCB023,10/20/2020,CAT,NovaSeq S4 PE150,"DLP-101,DLP-102,DLP-103,DLP-104,DLP-106,DLP-107,DLP-109,DLP-110,DLP-111,DLP-114,DLP-121,DLP-122,DLP-125",13,"293 Mel, 292 Nevus, 1442 MIS1, 1443 MIS2, 351 Mel, 350 Nevus, 352 Nevus, 1441 MIS1, 1444 MIS2, 1433 Normal, 1447 Normal, 1451 Normal, 1449 Normal",,
WGS-01_rerun,BCB024,11/18/2020,CAT,NovaSeq S4 PE100,"EXLP-01,EXLP-04,EXLP-05,EXLP-09,EXLP-10,EXLP-11",6,"1311 Normal, 1314 Met3, 1426 Met4, 1439 Invasive 5, 1440 Invasive 6, 1438 Normal",,RERUN OF BCB022
CAPTURE 08,BCB025,12/11/2020,CAT,HiSeq 4000 PE100,"RLP-64,RLP-65,RLP-66",3,"801 Nevus, 885 MIS, 785 Nevus",,
SGPC-18,BCB025,12/11/2020,CAT,HiSeq 4000 PE100,"SGLP-0798,SGLP-0799,SGLP-0774,SGLP-0775,SGLP-0776,SGLP-0777,SGLP-0778,SGLP-0779,SGLP-0780,SGLP-0781,SGLP-0782,SGLP-0783,SGLP-0784,SGLP-0785,SGLP-0786,SGLP-0787,SGLP-0788,SGLP-0789,SGLP-0790,SGLP-0791,SGLP-0792,SGLP-0793,SGLP-0794,SGLP-0795,SGLP-0796,SGLP-0797,SGLP-0800,SGLP-0801,SGLP-0802,RLP-64",30,"2303 Tumor, 2303 Tumor, 1445 Nevus, 1452 Nevus, 1454 Nevus, 1455 Nevus, 1456 Nevus, 1457 Nevus, 1459 Nevus, 1460 Nevus, 1463 Nevus, 1464 Nevus, 1465 Nevus, 1467 Nevus, 1469 Nevus, 1480 Nevus, 1481 Nevus, 1482 Nevus, 1483 Nevus, 1484 Nevus, 1485 Nevus, 1487 Nevus, 1488 Nevus, 1461 Nevus, 1462 Nevus, 1466 Nevus, 1458 Nevus, 1468 Nevus, 1486 Nevus, 801 Nevus",,
AGEX-14,BCB026,4/2/2021,IHG,NovaSeq S1 PE150,"AMLP-289,AMLP-290,AMLP-291,AMLP-267,AMLP-269",5,"1610 Invasive Primary Mel, 1578 Local Recurrent-Met2, 1611 Normal, 1576 Subcutaneous Met 2, 1585 Invasive Mel 1",,
AGEX-17,BCB027,4/30/2021,IHG,NovaSeq S4 PE150,"AMLP-272,AMLP-237,AMLP-295,AMLP-296,AMLP-298,AMLP-299,AMLP-300,AMLP-301",8,"1588 MIS2, 1515 Mel1, 1536 Skin Met2, 1537 Skin Met4, 1548 Mel1, 1614 Normal, 1551 Salivary Met1, 1567 LN Met 7",,NovaSeq™ 6000 v1.5 Reagent Kit
AGEX-15,BCB027; BCB029,6/21/2021,CAT,NovaSeq S4 PE150,"AMLP-239,AMLP-240,AMLP-263,AMLP-264,AMLP-265,AMLP-266,AMLP-268,AMLP-247",8,"1519 LN Met 1, 1520 Met2, 1579 Met1, 1581 Normal, 1582 Invasive Mel 1, 1583 Invasive Mel 2, 1584 Normal, 1538 Skin Met3",,RERUN sent to CAT; NovaSeq™ 6000 v1.5 Reagent Kit
AGEX-16,BCB027; BCB029,6/21/2021,CAT,NovaSeq S4 PE150,"AMLP-238,AMLP-241,AMLP-245,AMLP-256,AMLP-257,AMLP-259,AMLP-261,AMLP-252",8,"1612 Normal, 1529 Mel1, 1535 Normal, 1613 Normal, 1552 Normal, 1564 Normal, 1566 Normal, 1553 Mel1, 1560 LN Met 3, 1562 Brain Met 5, 1563 Brain Met 6, 1548 Mel1",,RERUN sent to CAT; NovaSeq™ 6000 v1.5 Reagent Kit
AGEX-18,BCB027; BCB030,6/21/2021,CAT,NovaSeq S4 PE150,"AMLP-270,AMLP-271,AMLP-273,AMLP-274,AMLP-275,AMLP-276,AMLP-277,AMLP-279",8,"1586 LN Met, 1587 MIS1, 1589 Primary Mel 1, 1590 Primary Mel 2, 1591 Normal, 1592 In Transit Met, 1593 Normal, 1595 Invasive Primary Mel 1",,RERUN sent to CAT; NovaSeq™ 6000 v1.5 Reagent Kit
AGEX-13,BCB028,5/4/2021,IHG,NovaSeq S1 PE150,"AMLP-201,AMLP-211,AMLP-29,AMLP-208,AMLP-209,AMLP-214,AMLP-206,AMLP-207,AMLP-218,AMLP-219,AMLP-220",11,"75 MIS3, 1290 LN Met, 13 MIS1, 9 Normal, 10 Mel1, 11 Met1, 1286 Mel2, 5 Met1, 70 MIS2, 71 Mel1, 1423 LN Met 1",,NovaSeq™ 6000 v1.5 Reagent Kit
AGEX-19,BCB029,6/21/2021,CAT,NovaSeq S4 PE150,"AMLP-221,AMLP-222,AMLP-200,AMLP-227,AMLP-226,AMLP-225,AMLP-224,AMLP-223",8,"1302 Normal, 1303 Mel1, 74 MIS2, 1308 Bladder Metastasis, 1307 LN Met 1, 1306 Mel1, 1305 Normal; 1425 Normal, 1304 Subcutaneous Metastasis",,NovaSeq™ 6000 v1.5 Reagent Kit
AGEX-20,BCB029,6/21/2021,CAT,NovaSeq S4 PE150,"AMLP-217,AMLP-220,AMLP-206,AMLP-207,AMLP-208,AMLP-209,AMLP-215,AMLP-216",8,"69 MIS1, 1423 LN Met 1, 1286 Mel2, 5 Met1, 9 Normal, 10 Mel1, 67 Mel1, 1427 Lung Metastasis",,NovaSeq™ 6000 v1.5 Reagent Kit
AGEX-21,BCB030,6/21/2021,CAT,NovaSeq S4 PE150,"AMLP-255,AMLP-254,AMLP-262,AMLP-292,AMLP-293,AMLP-280,AMLP-282",7,"1551 Salivary Met1, 1614 Normal, 1567 LN Met 7, 1616 Normal, 1617 Normal, 1596 Invasive Primary Mel 2, 1602 Metastatic Mel 2",,NovaSeq™ 6000 v1.5 Reagent Kit
AGEX-22,BCB030,6/21/2021,CAT,NovaSeq S4 PE150,"AMLP-319,AMLP-320,AMLP-300,AMLP-312,AMLP-317,AMLP-318",6,"1554 Mel2, 1557 MIS3, 1551 Salivary Met1, 1529 Mel1, 1563 Brain Met 6, 1553 Mel1",,NovaSeq™ 6000 v1.5 Reagent Kit
AGEX-23,BCB030,6/21/2021,CAT,NovaSeq S4 PE150,"AMLP-278,AMLP-285,AMLP-286,AMLP-287,AMLP-288,AMLP-281,AMLP-283",7,"1594 MIS1, 1606 Invasive Primary Mel 1, 1607 Invasive Primary Mel 2, 1608 Normal, 1609 LN Met 1, 1601 Invasive Primary Mel, 1603 Normal 2, 1604 Normal",,NovaSeq™ 6000 v1.5 Reagent Kit
AGEX-24,BCB031,6/21/2021,CAT,NovaSeq S4 PE150,"AMLP-310,AMLP-311,AMLP-313,AMLP-314,AMLP-315,AMLP-316,AMLP-250",7,"1515 Mel1, 1518 Mel4, 1532 Mel4, 1534 Skin Met1, 1548 Mel1, 1549 Mel2, 1542 Skin Met1",,NovaSeq™ 6000 v1.5 Reagent Kit
AGEX-25,BCB031,6/21/2021,CAT,NovaSeq S4 PE150,"AMLP-301,AMLP-321,AMLP-322,AMLP-323,AMLP-297,AMLP-331",6,"1567 LN Met 7, 1470 Normal; 1624 Normal, 1473 Recurrence 1, 1471 Mel1, 1543 Brain Met2, 1602 Metastatic Mel 2",,NovaSeq™ 6000 v1.5 Reagent Kit
AGEX-26,BCB031,6/21/2021,CAT,NovaSeq S4 PE150,"AMLP-325,AMLP-326,AMLP-327,AMLP-330,AMLP-332,AMLP-324",6,"1541 Normal, 1542 Skin Met1, 1540 MIS2; 1625 MIS2 In situ, 1603 Normal 2; 1604 Normal, 1601 Invasive Primary Mel, 1474 Met1",,NovaSeq™ 6000 v1.5 Reagent Kit
AGEX-27,BCB031,6/21/2021,CAT,NovaSeq S4 PE150,"AMLP-302,AMLP-303,AMLP-304,AMLP-305-306,AMLP-307,AMLP-248,AMLP-249",7,"1621 MIS4, 413 MIS2, 1619 MIS4, 1622 Mel2, 1623 Invasive Mel 1, 1540 MIS2, 1541 Normal",,NovaSeq™ 6000 v1.5 Reagent Kit
AGEX-28,BCB031,6/21/2021,CAT,NovaSeq S4 PE150,"AMLP-161,AMLP-193,AMLP-111,AMLP-205,AMLP-284,AMLP-305-306",6,"361 MIS1, 1245 MIS2, 408 MIS1, 4 Mel1, 1605 Metastatic Mel 1, 1622 Mel2",,NovaSeq™ 6000 v1.5 Reagent Kit
SGPC-19,BCB032,10/6/2021,CAT,,"SGLP-0803,SGLP-0804,SGLP-0805,NMLP-053,AMLP-339,AMLP-340,AMLP-341,AMLP-342,AMLP-343,AMLP-344,OMLP-002,OMLP-003,OMLP-004,OMLP-005,OMLP-006,OMLP-007,OMLP-008,OMLP-009,OMLP-010,OMLP-011,OMLP-012,OMLP-013,OMLP-014,OMLP-015,OMLP-016,OMLP-017,OMLP-018,OMLP-019,OMLP-020,OMLP-021,CCRLP-0045,CCRLP-0046,CCRLP-0047,CCRLP-0048,CCRLP-0049,CCRLP-0050,AMLP-353,AMLP-354,AMLP-355,AMLP-362,AMLP-363,AMLP-364,AMLP-366,AMLP-369,AMLP-370,AMLP-372",46,"1455 Nevus, 1456 Nevus, 1462 Nevus, 1006 Nodular Mel, 1472 MIS1, 1476 Mel2, 1516 Mel2, 1472 MIS1, 1476 Mel2, 1516 Mel2, 2017 Invasive Melanoma, 2017 Invasive Melanoma, 3399 Unknown, 3401 Unknown, 3403 Unknown, 3405 Unknown, 3407 Unknown, 2012 Intramucosal Melanocytic Nevus, 2013 Intramucosal Melanocytic Nevus, 2017 Invasive Melanoma, 3409 Unknown, 3412 Unknown, 2014 Intramucosal Nevus, 2015 Intramucosal Nevus, 2016 Blue Nevus, 3414 Unknown, 3415 Unknown, 3416 Unknown, 3417 Unknown, 3418 Unknown, 1757 Mel, 1774 Mel, 1627 Mel, 1757 Mel, 1774 Mel, 1627 Mel, 1822 Invasive Mel 1, 1824 Normal, 1475 Mel1, 1822 Invasive Mel 1, 1824 Normal, 1475 Mel1, 375 Mel1, 1303 Mel1, 1304 Subcutaneous Metastasis, 1618 MIS3",,
AGEX-29,BCB033,10/7/2021,IHG,NovaSeq S1 PE150,"AMLP-347,AMLP-348,AMLP-367,AMLP-375,AMLP-349-352",5,"1822 Invasive Mel 1, 1824 Normal, 1823 Invasive Mel 2, 1479 LN Met 1, 1475 Mel1",,NovaSeq™ 6000 v1.5 Reagent Kit
AGEX-30,BCB033,10/7/2021,IHG,NovaSeq S1 PE150,"AMLP-373,AMLP-201,AMLP-202,AMLP-203,AMLP-349-352",5,"1478 Normal, 75 MIS3, 76 Mel1, 77 Mel2, 1475 Mel1",,NovaSeq™ 6000 v1.5 Reagent Kit
WGS-03,BCB034,11/8/2021,CAT,iSeq 100 PE150,"EXLP-01,EXLP-04,EXLP-05,EXLP-09,EXLP-10,EXLP-11",6,"1311 Normal, 1314 Met3, 1426 Met4, 1439 Invasive 5, 1440 Invasive 6, 1438 Normal",,iSeq 100 i1 Reagents v2
WGS-03_rerun,BCB035,11/19/2021,CAT,NovaSeq S4 PE100,"EXLP-01,EXLP-04,EXLP-05,EXLP-09,EXLP-10,EXLP-11",6,"1311 Normal, 1314 Met3, 1426 Met4, 1439 Invasive 5, 1440 Invasive 6, 1438 Normal",,
SGPC-20,BCB036,2/18/2022,CAT,HiSeq 4000 PE100,"AMLP-308,AMLP-376,AMLP-215,AMLP-216,AMLP-369,AMLP-223,AMLP-145,AMLP-346,AMLP-377,AMLP-47,AMLP-50,AMLP-52,AMLP-378,AMLP-54,AMLP-379,AMLP-345,AMLP-166,AMLP-167,AMLP-366,AMLP-89,AMLP-381,AMLP-390,AMLP-391,AMLP-392,AMLP-395,AMLP-396,AMLP-297,AMLP-383,AMLP-384,AMLP-319,AMLP-386,AMLP-317,AMLP-387,AMLP-270,AMLP-388,AMLP-350,AMLP-389,AMLP-276",38,"13 MIS1, 14 Mel1, 67 Mel1, 1427 Lung Metastasis, 1303 Mel1, 1304 Subcutaneous Metastasis, 76 Mel1, 1148 LN Met 1, 100 Mel1, 101 Met1, 104 MIS1, 106 Mel1, 107 Mel2, 108 Met1, 109 Met2, 1236 LN Met 4, 1239 MIS3, 1238 MIS4, 375 Mel1, 384 Mel1, 401 Mel1, 413 MIS2, 414 Mel1, 420 MIS1, 1244 MIS1, 1619 MIS4, 1542 Skin Met1, 1543 Brain Met2, 1556 MIS2, 1553 Mel1, 1554 Mel2, 1558 LN Met 1, 1559 LN Met 2, 1563 Brain Met 6, 1585 Invasive Mel 1, 1586 LN Met, 1576 Subcutaneous Met 2, 1822 Invasive Mel 1, 1823 Invasive Mel 2, 1592 In Transit Met",,
SGPC-22,BCB037,4/20/2022,CAT,HiSeq 4000 PE100,"OMLP-022,OMLP-023,OMLP-024,OMLP-025,OMLP-026,OMLP-027,OMLP-028,OMLP-029,OMLP-030,OMLP-031,OMLP-032,OMLP-033,OMLP-034,OMLP-035,OMLP-036,OMLP-037,OMLP-038,OMLP-039,OMLP-040,OMLP-041,OMLP-042,OMLP-043,OMLP-044,OMLP-045,OMLP-046,OMLP-047,OMLP-048,OMLP-049,OMLP-050,OMLP-051,OMLP-052,OMLP-053,OMLP-054,OMLP-055,OMLP-056,OMLP-057,OMLP-058,OMLP-059,OMLP-060,OMLP-061,OMLP-062,OMLP-063,OMLP-064,OMLP-065,OMLP-066,OMLP-067,OMLP-068,OMLP-069,OMLP-070,OMLP-071,OMLP-072,OMLP-073,OMLP-074,OMLP-075,AMLP-271",55,"2029 Atypical Melanocytic Proliferation, 2030 Atypical Melanocytic Proliferation, 2031 Atypical Melanocytic Proliferation, 2032 Atypical Melanocytic Proliferation, 2012 Intramucosal Melanocytic Nevus, 2017 Invasive Melanoma, 2021 Lentiginous Juntional Melanocytic Nevus, 2022 Compound Nevus, 2023 Intramucosal Nevus, 2024 Intramucosal Nevus, 2025 Blue Nevus, 2026 Intramucosal Nevus, 2027 Intramucosal Nevus, 2028 Intramucosal Nevus, 1960 Typical Melanotic Macule, 1961 Typical Melanotic Macule, 1962 Typical Melanotic Macule, 1964 Typical Melanotic Macule, 1966 Typical Melanotic Macule, 1967 Typical Melanotic Macule, 1968 Typical Melanotic Macule, 1969 Typical Melanotic Macule, 1971 Typical Melanotic Macule, 1972 Typical Melanotic Macule, 1973 Typical Melanotic Macule, 1977 Mel, 1978 Mel, 1979 Mel, 1959 Typical Melanotic Macule, 1970 Intramucosal Nevus, 2003 Intramucosal Nevus, 1974 Superficial Melanoma, 1975 Mel, 1976 Invasive Mel 1, 1983 Typical Melanotic Macule, 1985 Typical Melanotic Macule, 1986 Typical Melanotic Macule, 1987 Typical Melanotic Macule, 1989 Mel, 1990 Atypical Melanocytic Proliferation, 1991 Atypical Melanocytic Proliferation, 1992 Intramucosal Nevus, 1993 Typical Melanotic Macule, 1994 Typical Melanotic Macule, 1995 Typical Melanotic Macule, 1996 Typical Melanotic Macule, 1997 Lentiginous junctional melanocytic nevus, 1998 Intramucosal Nevus, 2000 Typical Melanotic Macule, 2001 Typical Melanotic Macule, 2002 Atypical Melanocytic Proliferation, 2006 Typical Melanotic Macule, 2009 Typical Melanotic Macule, 2010 Typical Melanotic Macule, 2011 Typical Melanotic Macule, 1587 MIS1",,
SGPC-23,BCB038,4/20/2022,CAT,HiSeq 4000 PE100,"CCRLP-0001,CCRLP-0002,CCRLP-0003,CCRLP-0004,CCRLP-0005,CCRLP-0006,CCRLP-0007,CCRLP-0008,CCRLP-0009,CCRLP-0010,CCRLP-0011,CCRLP-0012,CCRLP-0013,CCRLP-0015,CCRLP-0019,CCRLP-0020,CCRLP-0021,CCRLP-0022,CCRLP-0023,CCRLP-0024,CCRLP-0025,CCRLP-0026,CCRLP-0027,CCRLP-0028,CCRLP-0029,CCRLP-0030,CCRLP-0031,CCRLP-0034,CCRLP-0035,CCRLP-0037,CCRLP-0038,CCRLP-0039,CCRLP-0041,CCRLP-0043,CCRLP-0044,CCRLP-0051,CCRLP-0052,CCRLP-0053,CCRLP-0054,CCRLP-0059,CCRLP-0060,CCRLP-0045,CCRLP-0046,CCRLP-0047,CCRLP-0048,CCRLP-0049,CCRLP-0050",47,"1634 Mel, 1764 Mel, 1648 Mel, 1645 Mel, 1641 Mel, 1651 Mel, 1644 Mel, 1653 Mel, 1695 Mel, 1686 Mel, 1682 Mel, 1680 Mel, 1635 Mel, 1672 Mel, 1660 Mel, 1754 Mel, 1657 Mel, 1633 Mel, 1637 Mel, 1630 Mel, 1650 Mel, 1646 Mel, 1640 Mel, 1652 Mel, 1632 Mel, 1655 Mel, 1699 Mel, 1765 Mel, 1724 Mel, 1677 Mel, 1712 Mel, 1629 Mel, 1661 Mel, 1658 Mel, 1631 Mel, 1681 Mel, 1755 Mel, 1628 Mel, 1626 Mel, 1769 Mel, 1700 Mel, 1757 Mel, 1774 Mel, 1627 Mel, 1757 Mel, 1774 Mel, 1627 Mel",,
SGPC-21,BCB039,5/9/2022,CAT,HiSeq 4000 PE100,"SGLP-0806,SGLP-0807,SGLP-0808,SGLP-0809,SGLP-0810,SGLP-0811,SGLP-0812,SGLP-0813,SGLP-0814,SGLP-0815,SGLP-0816,SGLP-0817,SGLP-0818,SGLP-0819,SGLP-0820,SGLP-0821,SGLP-0822,SGLP-0823,SGLP-0824,SGLP-0825,SGLP-0826,SGLP-0827,SGLP-0828,SGLP-0829,SGLP-0830,SGLP-0831,SGLP-0832,SGLP-0833,SGLP-0834,SGLP-0835,SGLP-0836,SGLP-0837,SGLP-0838,SGLP-0839,SGLP-0840,SGLP-0841,SGLP-0842,SGLP-0843,SGLP-0844,SGLP-0845,SGLP-0846,SGLP-0847,SGLP-0848,SGLP-0849,SGLP-0850,SGLP-0851,SGLP-0852,SGLP-0853,SGLP-0854,SGLP-0855,SGLP-0856,SGLP-0857,SGLP-0858,SGLP-0859,SGLP-0860,SGLP-0861,SGLP-0862,SGLP-0863,SGLP-0864",59,"1865 Junctional, 675 Junctional, 676 Junctional, 677 Junctional, 678 Junctional, 679 Junctional, 680 Junctional, 681 Junctional, 682 Junctional, 1866 Junctional, 1867 Compound, 1868 Compound, 1869 Compound, 683 Compound, 1870 Compound, 1871 Compound, 1872 Compound, 684 Compound, 1873 Compound, 685 Compound, 1874 Compound, 1875 Compound Melanocytic Nevus, 1876 Nevus, 1877 Lentigo Simplex, 1878 Junctional Melanocytic Nevus, 1879 Lentigo Simplex, 1880 Junctional Melanocytic Nevus, 1881 Nevus, 1882 Lentigo Simplex, 1883 Nevus, 1884 Mel, 1885 Nevus, 1886 Nevus, 1888 Nevus, 1889 Mel, 1890 Lentigo Simplex, 1891 Seborrheic Keratosis, 1892 Lentigo Simplex, 1894 Nevus, 1895 Lentigo Simplex, 1896 Nevus, 1897 Nevus, 1898 Lentigo Simplex, 1899 Nevus, 1900 Nevus, 1905 Lentigo Simplex, 1906 Junctional Nevus, 1911 Nevus, 1912 Nevus, 1913 Lentigo Simplex, 1914 Lentigo Simplex, 1901 Lentigo Simplex, 1902 Nevus, 1907 Lentigo Simplex, 1908 Junctional Nevus, 1903 Lentigo Simplex, 1904 Nevus, 1909 Compound Melanocytic Nevus, 1910 Compound Melanocytic Nevus",,
SGPC-24,BCB040,6/10/2022,CAT,HiSeq 4000 PE100,"AMLP-152,AMLP-183,AMLP-205,AMLP-207,AMLP-209,AMLP-239,AMLP-244,AMLP-311,AMLP-313,AMLP-397,AMLP-398,AMLP-399,AMLP-400,AMLP-401,AMLP-402,AMLP-403,AMLP-404,AMLP-405,AMLP-406,AMLP-407,AMLP-408,AMLP-409,AMLP-410,AMLP-411,AMLP-412,AMLP-413,AMLP-414,AMLP-415,AMLP-416,AMLP-417,AMLP-418,AMLP-419,AMLP-420,AMLP-421,AMLP-422,AMLP-423,AMLP-424",37,"79 MIS1, 400 MIS2, 4 Mel1, 5 Met1, 10 Mel1, 1519 LN Met 1, 1532 Mel4, 1518 Mel4, 1532 Mel4, 1621 MIS4, 84 Mel, 378 Mel1, 379 LN Met 1, 422 Mel1, 1529 Mel1, 1534 Skin Met1, 1538 Skin Met3, 1565 LN Met 9, 1609 LN Met 1, 1610 Invasive Primary Mel, 1580 Local Recurrent-Met3, 1520 Met2, 2035 MIS3, 11 Met1, 99 MIS1, 2033 Met2, 399 MIS1, 402 Mel2, 1517 Mel3, 1540 MIS2; 1625 MIS2 In situ, 1557 MIS3, 1589 Primary Mel 1, 1606 Invasive Primary Mel 1, 1607 Invasive Primary Mel 2, 81 Mel1, 1154 LN Met 1, 1152 Met1",,
BI-112022,BCB041,,Broad Institute,,"1917_Mel,2041_Normal,1918_MIS,1919_Nevus,2036_Normal,1921_Mel,1922_Nevus,1955_Normal,1926_Mel,1927_MIS,1928_Nevus,1958_Normal,1930_Normal,1931_Mel,1932_MIS,1933_Nevus,1944_Mel,1945_Nevus,1946_Normal,1954_MIS,1947_Melanocytoma,1948_Nevus,1949_1956_Normal,1641_Mel,1951_Mel,1952_Nevus,1953_Normal,892_Mel,893_Nevus,894_Normal,2038_Mel,2039_Mel,2040_Mel",33,"1917 Mel, 2041 Normal, 1918 MIS, 1919 Nevus, 2036 Normal, 1921 Mel, 1922 Nevus, 1955 Normal, 1926 Mel, 1927 MIS, 1928 Nevus, 1958 Normal, 1930 Normal, 1931 Mel, 1932 MIS, 1933 Nevus, 1944 Mel, 1945 Nevus, 1946 Normal, 1954 MIS, 1947 Melanocytoma, 1948 Nevus, 1949 Normal 1956 Normal, 1641 Mel, 1951 Mel, 1952 Nevus, 1953 Normal, 892 Mel, 893 Nevus, 894 Normal, 2038 Mel, 2039 Mel, 2040 Mel",,
BI-032023,BCB042,,Broad Institute,,"2243_MIS,2244_Nevus,2245_Normal,2180_Mel1,2181_Mel2,2182_Nevus,2183_Normal,2184_Mel,2185_Nevus,2186_Normal,2187_Mel,2188_Nevus,2189_Normal,2190_Mel,2191_Nevus,2192_Normal,2238_Mel,2239_Nevus,2240_Normal,2196_Mel,2197_MIS,2198_Nevus,2199_Normal,2200_Mel,2201_MIS,2202_Nevus,2203_Normal,2204_Mel,2205_Nevus,2241_Normal,2207_MIS,2208_Nevus,2209_PRAME-positive_Nevus,2210_Normal,2211_Mel,2212_MIS,2213_Nevus,2214_Normal,2215_Mel,2237_MIS,2216_Nevus,2217_Regressed-Area,2218_Normal,2219_Mel,2220_MIS,2221_Nevus,2222_Normal,2223_Mel1,2224_Mel2,2225_Nevus,2242_Normal,2227_Mel,2228_Nevus,2229_Normal,2230_Mel,2231_MIS,2232_Nevus,2233_Normal,2234_Mel,2235_Nevus,2236_Normal",61,"2243 MIS, 2244 Nevus, 2245 Normal, 2180 Mel1, 2181 Mel2, 2182 Nevus, 2183 Normal, 2184 Mel, 2185 Nevus, 2186 Normal, 2187 Mel, 2188 Nevus, 2189 Normal, 2190 Mel, 2191 Nevus, 2192 Normal, 2238 Mel, 2239 Nevus, 2240 Normal, 2196 Mel, 2197 MIS, 2198 Nevus, 2199 Normal, 2200 Mel, 2201 MIS, 2202 Nevus, 2203 Normal, 2204 Mel, 2205 Nevus, 2241 Normal, 2207 MIS, 2208 Nevus, 2209 PRAME-positive_Nevus, 2210 Normal, 2211 Mel, 2212 MIS, 2213 Nevus, 2214 Normal, 2215 Mel, 2237 MIS, 2216 Nevus, 2217 Regressed-Area, 2218 Normal, 2219 Mel, 2220 MIS, 2221 Nevus, 2222 Normal, 2223 Mel1, 2224 Mel2, 2225 Nevus, 2242 Normal, 2227 Mel, 2228 Nevus, 2229 Normal, 2230 Mel, 2231 MIS, 2232 Nevus, 2233 Normal, 2234 Mel, 2235 Nevus, 2236 Normal",,
KAPAEX-16,BCB043,5/26/2023,CAT,NovaSeq X PE150,"AMLP-468,AMLP-469,AMLP-470,AMLP-471,AMLP-472,AMLP-473,AMLP-474,AMLP-478",8,"1582 Invasive Mel 1, 1583 Invasive Mel 2, 1576 Subcutaneous Met 2, 1585 Invasive Mel 1, 1586 LN Met, 1822 Invasive Mel 1, 1823 Invasive Mel 2, 1579 Met1",,
KAPAEX-17,BCB043,5/26/2023,CAT,NovaSeq X PE150,"AMLP-461,AMLP-462,AMLP-463,AMLP-464,AMLP-465,AMLP-475,AMLP-476,AMLP-477",8,"1553 Mel1, 1554 Mel2, 1556 MIS2, 1560 LN Met 3, 1567 LN Met 7, 1594 MIS1, 1595 Invasive Primary Mel 1, 1596 Invasive Primary Mel 2",,
WGS-04,BCB044,5/31/2023,CAT,NovaSeq X PE150,EXLP-23,1,1439 Invasive 5,,
WGS-05,BCB045,5/31/2023,CAT,NovaSeq X PE150,EXLP-25,1,2302 Invasive 1,,
WGS-06,BCB046,6/21/2023,CAT,NovaSeq X PE150,EXLP-20,1,1311 Normal,,
WGS-07,BCB047,6/21/2023,CAT,NovaSeq X PE150,EXLP-21,1,1312 Met1; 1313 Met2,,
WGS-08,BCB048,6/21/2023,CAT,NovaSeq X PE150,"EXLP-22,EXLP-40",2,"1314 Met3, 1314 Met3",,
WGS-09,BCB049,6/21/2023,CAT,NovaSeq X PE150,EXLP-24,1,1438 Normal; 2458 Normal 2,,
WGS-10,BCB050,6/21/2023,CAT,NovaSeq X PE150,EXLP-26,1,2306 Met6,,
WGS-11,BCB051,6/21/2023,CAT,NovaSeq X PE150,EXLP-27,1,2307 Met7,,
WGS-12,BCB052,6/21/2023,CAT,NovaSeq X PE150,"EXLP-30,EXLP-43",2,"2310 Met10, 2310 Met10",,
WGS-13,BCB053,7/12/2023,CAT,NovaSeq X PE150,"EXLP-21,EXLP-26,EXLP-30,EXLP-43",4,"1312 Met1; 1313 Met2, 2306 Met6, 2310 Met10, 2310 Met10",,
KAPAEX-20,BCB054,7/17/2023,CAT,NovaSeq X PE150,"AMLP-439,AMLP-553,AMLP-554,AMLP-440,AMLP-521",5,"4 Mel1, 4 Mel1, 4 Mel1, 1286 Mel2, 5 Met1",,
KAPAEX-26,BCB054,7/17/2023,CAT,NovaSeq X PE150,"AMLP-450,AMLP-451,AMLP-549,AMLP-453,AMLP-454,AMLP-455,AMLP-456",7,"1529 Mel1, 1530 Mel2, 1531 Mel3, 1532 Mel4, 1533 MIS1, 1534 Skin Met1, 1538 Skin Met3",,
KAPAEX-22,BCB055,7/17/2023,CAT,NovaSeq X PE150,"AMLP-574,AMLP-573,AMLP-578,AMLP-579,AMLP-566,AMLP-567,AMLP-577,AMLP-540",8,"100 Mel1, 100 Mel1, 2246 Mel2, 2246 Mel2, 101 Met1, 101 Met1, 99 MIS1, 99 MIS1",,
KAPAEX-23,BCB055,7/17/2023,CAT,NovaSeq X PE150,"AMLP-488,AMLP-560,AMLP-487,AMLP-445,AMLP-556,AMLP-466,AMLP-483,AMLP-484",8,"1471 Mel1, 1471 Mel1, 1473 Recurrence 1, 1474 Met1, 1474 Met1, 1517 Mel3, 1515 Mel1, 1518 Mel4",,
KAPAEX-24,BCB056,7/17/2023,CAT,NovaSeq X PE150,"AMLP-457,AMLP-562,AMLP-563,AMLP-458,AMLP-558,AMLP-559,AMLP-584,AMLP-460",8,"1540 MIS2, 1542 Skin Met1, 1542 Skin Met1, 1548 Mel1, 1548 Mel1, 1548 Mel1, 1549 Mel2, 1551 Salivary Met1",,
KAPAEX-25,BCB056,7/17/2023,CAT,NovaSeq X PE150,"AMLP-583,AMLP-544,AMLP-479,AMLP-480,AMLP-481",5,"1491 Mel1, 1492 Mel2, 1606 Invasive Primary Mel 1, 1607 Invasive Primary Mel 2, 1609 LN Met 1",,
KAPAEX-18,BCB057,7/17/2023,CAT,NovaSeq X PE150,"AMLP-541,AMLP-552,AMLP-575,AMLP-576,AMLP-580,AMLP-542",6,"399 MIS1, 401 Mel1, 401 Mel1, 401 Mel1, 402 Mel2, 402 Mel2",,
KAPAEX-19,BCB057,7/17/2023,CAT,NovaSeq X PE150,"AMLP-437,AMLP-434,AMLP-435,AMLP-438,AMLP-537,AMLP-486",6,"74 MIS2, 75 MIS3, 76 Mel1, 77 Mel2, 1610 Invasive Primary Mel, 1578 Local Recurrent-Met2",,
KAPAEX-27,BCB058,7/21/2023,CAT,NovaSeq X SE100,"EXLP-31,EXLP-44,EXLP-32,EXLP-45,EXLP-35,EXLP-48,EXLP-53,EXLP-36,EXLP-49,EXLP-38,EXLP-51,EXLP-39,EXLP-52,EXLP-54,EXLP-33,EXLP-34,EXLP-47",17,"1312 Met1; 1313 Met2, 1312 Met1; 1313 Met2, 1314 Met3, 1314 Met3, 2306 Met6, 2306 Met6, 2306 Met6, 2307 Met7, 2307 Met7, 2309 Met9, 2309 Met9, 2310 Met10, 2310 Met10, 2310 Met10, 1439 Invasive 5, 2302 Invasive 1, 2302 Invasive 1",,
KAPAEX-28,BCB059,8/18/2023,CAT,NovaSeq X PE150,"RLP-239,RLP-241,RLP-242,RLP-248,RLP-249,IYEH-09,RLP-118,RLP-124,RLP-125,RLP-126",10,"2296 Nevus, 2299 Mel, 2300 Nevus, 2459 MIS, 2460 Nevus, 2476 Mel, 1944 Mel, 1951 Mel, 1952 Nevus, 892 Mel",,
KAPAEX-32,BCB059,8/18/2023,CAT,NovaSeq X PE150,"RLP-208,RLP-109,RLP-172,RLP-218,RLP-220,RLP-179,RLP-196,RLP-186,RLP-226,RLP-224,RLP-257,RLP-116,RLP-123,RLP-134,RLP-146,RLP-156,RLP-158,RLP-162,RLP-164,RLP-240",20,"2205 Nevus, 1919 Nevus, 1919 Nevus, 2217 Regressed Area, 2220 MIS, 1932 MIS, 2185 Nevus, 1641 Mel, 2228 Nevus, 2225 Nevus, 2297 Mel, 1932 MIS, 1641 Mel, 2185 Nevus, 2205 Nevus, 2217 Regressed Area, 2220 MIS, 2225 Nevus, 2228 Nevus, 2297 Mel",,
BI-082023,BCB060,8/1/2023,Broad Institute,,"2287_Mel,2288_Melanocytoma,2289_Normal,2290_Mel,2291_Nevus,2292_Mel,2293_Normal,2294_Mel,2295_MIS,2296_Nevus,2297_Mel,2298_Normal,2299_Mel,2300_Nevus,2301_Normal,2443_Mel,2444_MIS,2445_Nevus,2446_Normal,2447_Mel,2448_Nevus,2449_Normal,2459_MIS,2460_Nevus,2461_Normal,2268_Met1-2269_Met2,2270_Normal,2043_Mel,2044_Mel,2045_Mel,2046_Normal,2047_Mel,2048_Mel,2049_Mel,2050_Normal,2051_Mel,2052_Mel,2053_Mel,2054_Normal,2494_Invasive,2495_MIS,2496_Normal,2497_Invasive,2498_MIS,2499_Normal_flag,2500_Invasive,2501_MIS,2502_Normal,2503_Invasive,2504_MIS,2505_Normal,2452_Invasive,2451_MIS,2450_Normal,2456_Tumor,2457_Tumor,2463_Melanoma-Cell-Line,2465_Cell-Line,2467_Melanoma-Cell-Line,2468_Melanoma-Cell-Line,2466_Cell-Line",61,"2287 Mel, 2288 Melanocytoma, 2289 Normal, 2290 Mel, 2291 Nevus, 2292 Mel, 2293 Normal, 2294 Mel, 2295 MIS, 2296 Nevus, 2297 Mel, 2298 Normal, 2299 Mel, 2300 Nevus, 2301 Normal, 2443 Mel, 2444 MIS, 2445 Nevus, 2446 Normal, 2447 Mel, 2448 Nevus, 2449 Normal, 2459 MIS, 2460 Nevus, 2461 Normal, 2268 Met1, 2269 Met2, 2270 Normal, 2043 Mel, 2044 Mel, 2045 Mel, 2046 Normal, 2047 Mel, 2048 Mel, 2049 Mel, 2050 Normal, 2051 Mel, 2052 Mel, 2053 Mel, 2054 Normal, 2494 Invasive, 2495 MIS, 2496 Normal, 2497 Invasive, 2498 MIS, 2499 Normal, 2500 Invasive, 2501 MIS, 2502 Normal, 2503 Invasive, 2504 MIS, 2505 Normal, 2452 Invasive, 2451 MIS, 2450 Normal, 2456 Tumor, 2457 Tumor, 2463 Melanoma Cell Line, 2465 Cell Line, 2467 Melanoma Cell Line, 2468 Melanoma Cell Line, 2466 Cell Line",,
KAPAEX-29,BCB061,8/18/2023,CAT,NovaSeq X PE150,"RLP-199,RLP-228,RLP-229,RLP-214,RLP-213,RLP-212,RLP-232,RLP-233,RLP-234,RLP-235,RLP-137,RLP-151,RLP-152,RLP-166",14,"2190 Mel, 2231 MIS, 2232 Nevus, 2213 Nevus, 2212 MIS, 2211 Mel, 2287 Mel, 2288 Melanocytoma, 2290 Mel, 2291 Nevus, 2190 Mel, 2212 MIS, 2213 Nevus, 2231 MIS",,
KAPAEX-33,BCB061,8/18/2023,CAT,NovaSeq X PE150,"RLP-130,RLP-131,RLP-132,RLP-135,RLP-147,RLP-148,RLP-141,RLP-143,RLP-251,RLP-252,RLP-236,RLP-243,RLP-244",13,"2180 Mel1, 2181 Mel2, 2182 Nevus, 2187 Mel, 2207 MIS, 2208 Nevus, 2198 Nevus, 2201 MIS, 2443 Mel, 2444 MIS, 2292 Mel, 2443 Mel, 2444 MIS",,
KAPAEX-30,BCB062,8/18/2023,CAT,NovaSeq X PE150,"RLP-207,RLP-222,RLP-217,RLP-219,RLP-173,RLP-129,RLP-255,RLP-253,RLP-115,RLP-221,RLP-119,RLP-107,RLP-170,RLP-110,RLP-145,RLP-155,RLP-157,RLP-159,RLP-160,RLP-245,RLP-247",21,"2204 Mel, 2223 Mel1, 2216 Nevus, 2219 Mel, 1921 Mel, 2244 Nevus, 2448 Nevus, 2445 Nevus, 1931 Mel, 2221 Nevus, 1945 Nevus, 1917 Mel, 1917 Mel, 1921 Mel, 2204 Mel, 2216 Nevus, 2219 Mel, 2221 Nevus, 2223 Mel1, 2445 Nevus, 2448 Nevus",,
KAPAEX-31,BCB063,8/18/2023,CAT,NovaSeq X PE150,"RLP-215,RLP-216,RLP-171,RLP-174,RLP-175,RLP-177,RLP-195,RLP-223,RLP-230,RLP-231,RLP-176,RLP-184,RLP-185,RLP-256,RLP-250,RLP-108,RLP-111,RLP-112,RLP-113,RLP-114,RLP-121,RLP-122,RLP-133,RLP-153,RLP-154,RLP-161,RLP-168,RLP-169,RLP-237,RLP-238",30,"2215 Mel, 2237 MIS, 1918 MIS, 1922 Nevus, 1931 Mel, 1933 Nevus, 2184 Mel, 2224 Mel2, 2234 Mel, 2235 Nevus, 1932 MIS, 1947 Melanocytoma, 1948 Nevus, 2294 Mel, 2295 MIS, 1918 MIS, 1922 Nevus, 1931 Mel, 1932 MIS, 1933 Nevus, 1947 Melanocytoma, 1948 Nevus, 2184 Mel, 2215 Mel, 2237 MIS, 2224 Mel2, 2234 Mel, 2235 Nevus, 2294 Mel, 2295 MIS",,
KAPAEX-34,BCB064,8/18/2023,CAT,NovaSeq X PE150,"RLP-190,RLP-120,RLP-136,RLP-144,RLP-165,RLP-139,RLP-140,RLP-142,RLP-211,RLP-225,RLP-200,RLP-180,RLP-254,RLP-117,RLP-128,RLP-138,RLP-163,RLP-246",18,"2243 MIS, 1954 MIS, 2188 Nevus, 2202 Nevus, 2230 Mel, 2196 Mel, 2197 MIS, 2200 Mel, 2209 PRAME (+) Nevus, 2227 Mel, 2191 Nevus, 1933 Nevus, 2447 Mel, 1933 Nevus, 2243 MIS, 2191 Nevus, 2227 Mel, 2447 Mel",,
KAPAEX-35,BCB065,9/27/2023,CAT,NovaSeq X PE150,"KALP-001,KALP-019,KALP-002,KALP-007,KALP-008,KALP-009,KALP-021,KALP-010,KALP-011,KALP-012,KALP-022",11,"2527 Normal, 2527 Normal, 2528 Keratoacanthoma, 2539 Normal, 2540 Keratoacanthoma, 2543 Normal, 2543 Normal, 2544 Keratoacanthoma, 2550 Normal, 2552 Keratoacanthoma, 2552 Keratoacanthoma",,
KAPAEX-36,BCB066,9/27/2023,CAT,NovaSeq X PE150,"KALP-003,KALP-020,KALP-004,KALP-014,KALP-023,KALP-024,KALP-025,KALP-015,KALP-027,KALP-028,KALP-029,KALP-005,KALP-006",13,"2531 Normal, 2531 Normal, 2532 Keratoacanthoma, 2557 Normal, 2557 Normal, 2557 Normal, 2557 Normal, 2558 Keratoacanthoma, 2561 Keratoacanthoma, 2561 Keratoacanthoma, 2562 Normal, 2535 Normal, 2536 Keratoacanthoma",,
KAPAEX-37,BCB067,10/11/2023,CAT,NovaSeq X PE150,"DLP-128,DLP-129,DLP-130,DLP-132,DLP-133,DLP-134,DLP-135,DLP-138,DLP-127,DLP-136",10,"2113 Normal, 2112 Nevus, 2130 Nevus, 2114 Mel, 2116 Normal, 2131 Mel, 2132 Nevus, 2133 Normal, 773 Nevus, 2111 Mel, 281 Nevus",,
KAPAEX-38,BCB067,10/11/2023,CAT,NovaSeq X PE150,"DLP-131,DLP-137,DLP-139,DLP-140",4,"2115 Nevus, 772 Mel, 776 Mel, 781 Mel",,
KAPAEX-39,BCB068,10/11/2023,CAT,NovaSeq X PE150,"RLP-258,RLP-259,RLP-260,RLP-261,RLP-262,RLP-263,RLP-264,RLP-265",8,"2111 Mel, 2114 Mel, 2115 Nevus, 2130 Nevus, 2131 Mel, 2132 Nevus, 2193 Mel, 2194 Nevus",,
KAPAEX-40,BCB069,10/25/2023,CAT,NovaSeq X PE150,"AMLP-527,AMLP-528,AMLP-529,AMLP-530,AMLP-531,AMLP-532,AMLP-533,AMLP-534,AMLP-535",9,"1490 Normal, 1491 Mel1, 1492 Mel2, 1510 Normal, 1509 Met1, 1511 Intestine Met 2, 1512 Met3, 1526 Normal, 1524 Mel1, 1525 MIS1",,
BB2_CL,HiSeq1_BB2,5/17/2012,IHG,HiSeq 2500 PE100,"T12_6261A,T12_13587_B2_0_25ug,T12_6261B,T12_12366,T12_12467,T12_12470D,T12_562,T12_12647,T12_12626,T12_13587_B2,T12_18438A,T12_13152_Tumor,T12_12750B,T12_19596,T12-19187A,T12_22172_Norm,T12_22172_Tumor,T12_21726A_Tumor,T12_22901A_Norm,T12_22901A_Tumor,H12_22776_B5_Norm,Buffy_Coat,T12_13587_B2_0_75ug,T12_13587_B2_0_5ug",24,"2400 Melanocytic Nevus, 2423 SCC, 2401 Melanocytic Nevus, 2402 SCC, 2403 Melanocytic Nevus, 2404 BCC, 2405 Unknown, 2406 Melanocytic Nevus, 2407 Cellular Dermatofibroma , 2408 SCC, 2409 SCC, in situ, 2410 Melanocytic Nevus, 2411 SCC, 2412 SCC, in situ, 2413 Dermatofibroma, 2414 Normal, 2415 SCC, in situ, 2416 Dermatofibroma, 2417 Normal, 2418 Tumor, 2419 Normal, 2420 Buffy Coat DNA, 2421 SCC, 2422 SCC",,
BB3_CL,HiSeq2_BB3,6/30/2012,IHG,HiSeq 2500 PE100,"H12_22775,T12_22597_100ng,H12_22794A,T12_22573,T12_22582A,T12_22587,T12_22592,T12_22597_1000ng,T12_22602A,T12_22602B,T12_22603,T12_22604,T12_22720A1,T12_22868,T12_22884C,T12_22884D,T12_22886,T12_22894B,T12_22898,T12_22900,T12_22597_700ng,T12_22597_500ng,T12_22597_250ng",23,"2424 SCC, 2430 BCC, 2425 Mel, 2426 Melanocytic Nevus, 2427 Melanocytic Nevus, 2428 Melanocytic Nevus, 2429 Keratosis, 2430 BCC, 2431 Melanocytic Nevus, 2432 Melanocytic Nevus, 2433 Pilomatricoma, cystic, 2434 BCC, 2435 Leiomyoma, 2436 Melanocytic Nevus, 2437 Melanocytic Nevus, 2438 Melanocytic Nevus, 2439 Melanocytic Nevus, 2440 Melanocytic Nevus, 2441 Melanocytic Nevus, 2442 SCC, 2430 BCC, 2430 BCC, 2430 BCC",,
10X_01,IYEH001,8/5/2022,CAT,NovaSeq SP 100,"VS-01,VS-02,VS-03,VS-04",4,"2154 Capture Area A1, 2155 Capture Area B1, 2156 Capture Area C1, 2157 Capture Area D1",,
10X_02,IYEH002,10/11/2023,CAT,NovaSeq X SE100,"VS-05,VS-06,VS-07,VS-08",4,"2684 Capture Area A1, 2685 Capture Area B1, 2686 Capture Area C1, 2687 Capture Area D1",,
BB5_CL,Nimblegen2_BB5,9/18/2012,IHG,,"21-1,21-2,21-3,21-4,21_5,Ivanka_24-1_Tert,Ivanka_24-2_Tert,24-3,24-4,24_5_Norm,28_1,28_2,28_3,28_4,28_5,Kit 262",16,"2909 Mel, 2910 Mel, 2911 Nevus, 2912 Nevus, 2762 Normal, 2919 Mel, 2920 Mel, 2921 Nevus, 2922 Nevus, 2763 Normal, 2923 Mel, 2924 Mel, 2925 Nevus, 2926 Nevus, 2927 Normal, 3308 Tumor",,
SGPC-01,SGPC-01,,IHG,HiSeq 2500 PE100,"SGLP-0049,SGLP-0042,SGLP-0043,SGLP-0044,SGLP-0045,SGLP-0046,SGLP-0047,SGLP-0048,SGLP-0041,SGLP-0039,SGLP-0038,SGLP-0037,SGLP-0034,SGLP-0035,SGLP-0036,SGLP-0033,SGLP-0032,SGLP-0023,SGLP-0024,SGLP-0025,SGLP-0026,SGLP-0027,SGLP-0028,SGLP-0030,SGLP-0031,SGLP-0029,SGLP-0040",27,"191 DN, 184 DN, 185 DN, 186 DN, 187 DN, 188 DN, 189 DN, 190 DN, 183 DN, 181 DN, 180 DN, 179 DN, 176 DN, 177 DN, 178 DN, 175 DN, 174 DN, 165 DN, 166 DN, 167 DN, 168 DN, 169 DN, 170 DN, 172 DN, 173 DN, 171 DN, 182 DN",,
SGPC-02,SGPC-02,9/12/2017,IHG,HiSeq 2500 PE100,"SGLP-0049,SGLP-0042,SGLP-0043,SGLP-0044,SGLP-0045,SGLP-0046,SGLP-0047,SGLP-0048,SGLP-0041,SGLP-0039,SGLP-0038,SGLP-0037,SGLP-0034,SGLP-0035,SGLP-0036,SGLP-0033,SGLP-0032,SGLP-0023,SGLP-0024,SGLP-0025,SGLP-0026,SGLP-0027,SGLP-0030,SGLP-0031,SGLP-0029,SGLP-0040,SGLP-0001,SGLP-0002,SGLP-0003,SGLP-0004,SGLP-0005,SGLP-0006,SGLP-0007,SGLP-0008,SGLP-0009,SGLP-0010,SGLP-0011,SGLP-0012,SGLP-0013,SGLP-0014,SGLP-0015,SGLP-0016,SGLP-0017,SGLP-0018,SGLP-0019,SGLP-0020,SGLP-0021,SGLP-0022,SGLP-0050,SGLP-0051,SGLP-0052,SGLP-0053,SGLP-0054,SGLP-0055,SGLP-0056,SGLP-0057,SGLP-0058,SGLP-0059,SGLP-0060,SGLP-0061,SGLP-0062,SGLP-0063,SGLP-0064,SGLP-0065,SGLP-0066,SGLP-0067,SGLP-0068,SGLP-0069,SGLP-0070,SGLP-0071,SGLP-0072,SGLP-0073,SGLP-0074,SGLP-0075,SGLP-0076,SGLP-0077,SGLP-0078,SGLP-0079,SGLP-0080,SGLP-0081,SGLP-0082,SGLP-0083,SGLP-0084,SGLP-0085,SGLP-0086,SGLP-0087,SGLP-0088,SGLP-0089,SGLP-0090,SGLP-0091,SGLP-0092,SGLP-0093,SGLP-0094,SGLP-0095,SGLP-0096",95,"191 DN, 184 DN, 185 DN, 186 DN, 187 DN, 188 DN, 189 DN, 190 DN, 183 DN, 181 DN, 180 DN, 179 DN, 176 DN, 177 DN, 178 DN, 175 DN, 174 DN, 165 DN, 166 DN, 167 DN, 168 DN, 169 DN, 172 DN, 173 DN, 171 DN, 182 DN, 1336 Tumor, 1337 Tumor, 1338 Tumor, 1339 Tumor, 1340 Tumor, 1341 Tumor, 1342 Tumor, 1343 Tumor, 1344 Tumor, 1345 Tumor, 1346 Tumor, 998 Tumor, 1347 Tumor, 1348 Tumor, 1349 Tumor, 1350 Tumor, 1351 Tumor, 1352 Tumor, 1353 Tumor, 1354 Tumor, 1355 Tumor, 1356 Tumor, 1357 Tumor, 1358 Tumor, 1359 Tumor, 1360 Tumor, 1361 Tumor, 1362 Tumor, 1363 Tumor, 1364 Tumor, 1365 Tumor, 1366 Tumor, 1367 Tumor, 1368 Tumor, 1369 Tumor, 1370 Tumor, 1371 Tumor, 1372 Tumor, 1373 Tumor, 1374 Tumor, 1375 Tumor, 1376 Tumor, 1377 Tumor, 1378 Tumor, 1379 Tumor, 1380 Tumor, 1381 Tumor, 1382 Tumor, 1383 Tumor, 1384 Tumor, 1385 Tumor, 1386 Tumor, 1387 Tumor, 1388 Tumor, 1389 Tumor, 1390 Tumor, 1391 Tumor, 1392 Tumor, 1393 Tumor, 1394 Tumor, 1395 Tumor, 1396 Tumor, 1397 Tumor, 1398 Tumor, 1399 Tumor, 1400 Tumor, 1401 Tumor, 1402 Tumor, 1403 Tumor",,
SGPC-03,SGPC-03,,IHG,HiSeq 2500 PE100,"SGLP-0182,SGLP-0180,SGLP-0175,SGLP-0176,SGLP-0177,SGLP-0178,SGLP-0179,SGLP-0173,SGLP-0169,SGLP-0170,SGLP-0171,SGLP-0172,SGLP-0168,SGLP-0165,SGLP-0164,SGLP-0163,SGLP-0161,SGLP-0160,SGLP-0159,SGLP-0157,SGLP-0156,SGLP-0154,SGLP-0153,SGLP-0152,SGLP-0151,SGLP-0150,SGLP-0148,SGLP-0147,SGLP-0144,SGLP-0145,SGLP-0146,SGLP-0142,SGLP-0138,SGLP-0139,SGLP-0140,SGLP-0141,SGLP-0136,SGLP-0135,SGLP-0133,SGLP-0132,SGLP-0131,SGLP-0129,SGLP-0127,SGLP-0126,SGLP-0124,SGLP-0123,SGLP-0122,SGLP-0121,SGLP-0119,SGLP-0117,SGLP-0106,SGLP-0107,SGLP-0108,SGLP-0109,SGLP-0110,SGLP-0111,SGLP-0112,SGLP-0113,SGLP-0114,SGLP-0115,SGLP-0104,SGLP-0102,SGLP-0101,SGLP-0099,SGLP-0098,SGLP-0097,SGLP-0105,SGLP-0103,SGLP-0100,SGLP-0120,SGLP-0125,SGLP-0128,SGLP-0130,SGLP-0134,SGLP-0137,SGLP-0143,SGLP-0149,SGLP-0155,SGLP-0158,SGLP-0162,SGLP-0166,SGLP-0167,SGLP-0174,SGLP-0181,SGLP-0183,SGLP-0184",86,"277 DN, 275 DN, 270 DN, 271 DN, 272 DN, 273 DN, 274 DN, 268 DN, 264 DN, 265 DN, 266 DN, 267 DN, 263 DN, 260 DN, 259 DN, 258 DN, 256 DN, 255 DN, 254 DN, 252 DN, 251 DN, 249 DN, 248 DN, 247 DN, 246 DN, 245 DN, 243 DN, 242 DN, 239 DN, 240 DN, 241 DN, 237 DN, 233 DN, 234 DN, 235 DN, 236 DN, 231 DN, 230 DN, 228 DN, 227 DN, 226 DN, 224 DN, 222 DN, 221 DN, 219 DN, 218 DN, 217 DN, 216 DN, 214 DN, 212 DN, 201 DN, 202 DN, 203 DN, 204 DN, 205 DN, 206 DN, 207 DN, 208 DN, 209 DN, 210 DN, 199 DN, 197 DN, 196 DN, 194 DN, 193 DN, 192 DN, 200 DN, 198 DN, 195 DN, 215 DN, 220 DN, 223 DN, 225 DN, 229 DN, 232 DN, 238 DN, 244 DN, 250 DN, 253 DN, 257 DN, 261 DN, 262 DN, 269 DN, 276 DN, 278 DN, 279 DN",Dysplastic Nervus samples,
SGPC-04,SGPC-04,4/13/2018,IHG,HiSeq 2500 PE100,"SGLP-0217,SGLP-0218,SGLP-0219,SGLP-0220,SGLP-0221,SGLP-0222,SGLP-0223,SGLP-0224,SGLP-0225,SGLP-0226,SGLP-0227,SGLP-0228,SGLP-0229,SGLP-0230,SGLP-0231,SGLP-0232,SGLP-0233,SGLP-0234,SGLP-0235,SGLP-0236,SGLP-0237,SGLP-0238,SGLP-0239,SGLP-0240,SGLP-0241,SGLP-0242,SGLP-0243,SGLP-0244,SGLP-0245,SGLP-0246,SGLP-0247,SGLP-0248,SGLP-0249,SGLP-0250,SGLP-0251,SGLP-0200,SGLP-0201,SGLP-0202,SGLP-0203,SGLP-0204,SGLP-0205,SGLP-0206,SGLP-0207,SGLP-0208,SGLP-0209,FKP-01,FKP-02,FKP-05,FKP-08,FKP-09,FKP-10,FKP-11,FKP-06,SGLP-0199,SGLP-0210,SGLP-0211,SGLP-0212,SGLP-0213,SGLP-0214,SGLP-0215,SGLP-0216,SGLP-0185,SGLP-0186,SGLP-0187,SGLP-0188,SGLP-0189,SGLP-0190,SGLP-0191,SGLP-0192,SGLP-0193,SGLP-0194,SGLP-0195,SGLP-0196,SGLP-0197,SGLP-0198,Nu-01,Nu-02,Nu-05,Nu-06,Nu-08,Nu-09,Nu-10,Nu-11",83,"632 Mel, 633 Mel, 634 Mel, 635 Mel, 636 Mel, 637 Mel, 638 Mel, 639 Mel, 640 Mel, 641 Mel, 642 Mel, 643 Mel, 644 Mel, 645 Mel, 646 Mel, 647 Mel, 648 Mel, 649 Mel, 650 Mel, 651 Mel, 652 Mel, 653 Mel, 654 Mel, 655 Mel, 656 Mel, 657 Mel, 658 Mel, 659 Mel, 660 Mel, 661 Mel, 662 Mel, 663 Mel, 664 Mel, 665 Mel, 666 Mel, 1135 Tumor, 1136 Tumor, 1137 Tumor, 1138 Tumor, 1139 Tumor, 1140 Tumor, 1141 Tumor, 1142 Tumor, 1143 Tumor, 1144 Tumor, 1315 Tumor, 1320 Tumor, 1321 Tumor, 1323 Tumor, 1324 Tumor, 1325 Tumor, 2250 Tumor, 1322 Tumor, 1328 Tumor, 1329 Tumor, 1330 Tumor, 1331 Tumor, 1332 Tumor, 1333 Tumor, 1334 Tumor, 1335 Tumor, 1404 Tumor, 1405 Tumor, 1406 Tumor, 1407 Tumor, 1408 Tumor, 1409 Tumor, 1410 Tumor, 1411 Tumor, 1412 Tumor, 1413 Tumor, 1414 Tumor, 1415 Tumor, 1416 Tumor, 1417 Tumor, 1315 Tumor, 1320 Tumor, 1321 Tumor, 1322 Tumor, 1323 Tumor, 1324 Tumor, 1325 Tumor, 2250 Tumor",,
SGPC-05,SGPC-05,,IHG,HiSeq 2500 PE100,"SGLP-0258,SGLP-0268,SGLP-0291,SGLP-0307,SGLP-0279,SGLP-0277,SGLP-0276,SGLP-0290,SGLP-0287,SGLP-0300,SGLP-0271,SGLP-0284,SGLP-0299,SGLP-0281,SGLP-0265,SGLP-0273,SGLP-0293,SGLP-0297,SGLP-0264,SGLP-0310,SGLP-0312,SGLP-0270,SGLP-0259,SGLP-0286,SGLP-0308,SGLP-0260,SGLP-0296,SGLP-0282,SGLP-0278,SGLP-0274,SGLP-0306,SGLP-0301,SGLP-0283,SGLP-0269,SGLP-0261,SGLP-0262,SGLP-0263,SGLP-0266,SGLP-0272,SGLP-0289,SGLP-0267,SGLP-0275,SGLP-0280,SGLP-0285,SGLP-0288,SGLP-0292,SGLP-0294,SGLP-0295,SGLP-0298,SGLP-0302,SGLP-0303,SGLP-0304,SGLP-0305,SGLP-0309,SGLP-0311,SGLP-0313,SGLP-0322,SGLP-0323,SGLP-0324,SGLP-0325,SGLP-0327,SGLP-0328,SGLP-0329,SGLP-0331,SGLP-0333,SGLP-0314,SGLP-0315,SGLP-0316,SGLP-0317,SGLP-0318,SGLP-0319,SGLP-0320,SGLP-0321,SGLP-0326,SGLP-0330,SGLP-0332",76,"110 DN, 120 DN, 143 DN, 159 DN, 131 DN, 129 DN, 128 DN, 142 DN, 139 DN, 152 DN, 123 DN, 136 DN, 151 DN, 133 DN, 117 DN, 125 DN, 145 DN, 149 DN, 116 DN, 162 DN, 164 DN, 122 DN, 111 DN, 138 DN, 160 DN, 112 DN, 148 DN, 134 DN, 130 DN, 126 DN, 158 DN, 153 DN, 135 DN, 121 DN, 113 DN, 114 DN, 115 DN, 118 DN, 124 DN, 141 DN, 119 DN, 127 DN, 132 DN, 137 DN, 140 DN, 144 DN, 146 DN, 147 DN, 150 DN, 154 DN, 155 DN, 156 DN, 157 DN, 161 DN, 163 DN, 1865 Junctional, 1866 Junctional, 1867 Compound, 1868 Compound, 1869 Compound, 1870 Compound, 1871 Compound, 1872 Compound, 1873 Compound, 1874 Compound, 675 Junctional, 676 Junctional, 677 Junctional, 678 Junctional, 679 Junctional, 680 Junctional, 681 Junctional, 682 Junctional, 683 Compound, 684 Compound, 685 Compound","""Lentiginous Nevus from Iwei
"",Dysplastic Nervus samples",
VM_BB_01,VM_BB_01,8/24/2018,CAT,,"RNA-13,RNA-14,RNA-22,RNA-11,RNA-12,RNA-03,RNA-04,RNA-05,RNA-07",9,"292 Nevus, 293 Mel, 301 Mel, 290 Nevus, 291 Mel, 282 Mel, 283 Normal, 284 Nevus, 286 Normal",,probably combined multiple captures
VM_BB_02,VM_BB_02,8/24/2018,CAT,,"RNA-01,RNA-02,RNA-18,RNA-09,RNA-15,RNA-16,RNA-06,RNA-08,RNA-21",9,"280 Normal, 281 Nevus, 297 Mel, 288 Mel, 294 Nevus, 295 Mel, 285 Mel, 287 Nevus, 300 Nevus",,probably combined multiple captures
VM_BB_03,VM_BB_03,,,,"RNA-26,RNA-27,RNA-28,RNA-29,RNA-30,RNA-31,RNA-32,RNA-33,RNA-34,RNA-35,RNA-36,RNA-37,RNA-38,RNA-39,RNA-40",15,"305 Normal, 343 MIS, 344 Mel, 345 Normal, 346 Nevus, 347 Mel, 348 Nevus, 349 Mel, 350 Nevus, 351 Mel, 352 Nevus, 353 Mel, 354 Normal, 355 MIS, 356 Mel",,probably combined multiple captures
CAPTURE 01,VM_BB_04,2/5/2019,CAT,NovaSeq S4 PE150,"VMRLP-41,VMRLP-42,VMRLP-43",3,"1310 Mel, 788 Nevus, 794 Mel",,
CAPTURE 02,VM_BB_04,2/5/2019,CAT,NovaSeq S4 PE150,"VMRLP-44,VMRLP-45,VMRLP-46",3,"773 Nevus, 774 Mel, 775 Nevus",,
CAPTURE 03,VM_BB_04,2/5/2019,CAT,NovaSeq S4 PE150,"VMRLP-47,VMRLP-48,VMRLP-49",3,"795 Mel, 796 Nevus, 776 Mel",,
CAPTURE 04,VM_BB_04,2/5/2019,CAT,NovaSeq S4 PE150,"VMRLP-50,VMRLP-51,VMRLP-52",3,"777 Nevus, 791 Mel, 789 Nevus",,
CAPTURE 05,VM_BB_04,2/5/2019,CAT,NovaSeq S4 PE150,"VMRLP-53,VMRLP-54,VMRLP-55",3,"794 Mel, 793 Nevus, 779 Mel",,
CAPTURE 06,VM_BB_04,2/5/2019,CAT,NovaSeq S4 PE150,"VMRLP-56,VMRLP-59,VMRLP-60",3,"780 Nevus, 805 Mel, 803 Nevus",,
CAPTURE 07,VM_BB_04,2/5/2019,CAT,NovaSeq S4 PE150,"VMRLP-61,VMRLP-62,VMRLP-63",3,"781 Mel, 782 Nevus, 802 Mel",,